2026-08-14 10:25:24,191 [INFO] [central] Registered agent implementation: blog-agent
2026-08-14 10:25:24,200 [INFO] [central] Created task task-2fdb01b9 for agent blog-agent (Status: QUEUED)
2026-08-14 10:25:32,045 [INFO] [central] Registered agent implementation: blog-agent
2026-08-14 10:25:32,047 [INFO] [central] Created task task-df88705e for agent blog-agent (Status: AWAITING_APPROVAL)
2026-08-14 10:25:32,048 [INFO] [central] Task task-df88705e approved by admin
2026-08-14 10:25:33,182 [INFO] [central] Registered agent implementation: blog-agent
2026-08-14 10:25:33,184 [INFO] [central] Created task task-0e57d36a for agent blog-agent (Status: AWAITING_APPROVAL)
2026-08-14 10:25:33,185 [INFO] [central] Task task-0e57d36a rejected by manager
2026-08-14 10:26:36,641 [INFO] [central] Registered agent implementation: blog-agent
2026-08-14 10:26:36,643 [INFO] [central] Created task task-6bac3d51 for agent blog-agent (Status: QUEUED)
2026-08-14 10:26:41,973 [INFO] [central] Registered agent implementation: blog-agent
2026-08-14 10:26:41,974 [INFO] [central] Created task task-63083e13 for agent blog-agent (Status: AWAITING_APPROVAL)
2026-08-14 10:26:41,975 [INFO] [central] Task task-63083e13 approved by admin
2026-08-14 10:26:47,551 [INFO] [central] Registered agent implementation: blog-agent
2026-08-14 10:26:47,551 [INFO] [central] Created task task-6f3927ca for agent blog-agent (Status: AWAITING_APPROVAL)
2026-08-14 10:26:47,551 [INFO] [central] Task task-6f3927ca rejected by manager
2026-08-14 12:15:46,712 [INFO] [central] Registered agent implementation: blog-agent
2026-08-14 12:15:46,714 [INFO] [central] Created task task-d5fa9846 for agent blog-agent (Status: QUEUED)
2026-08-14 12:15:49,035 [INFO] [central] Registered agent implementation: blog-agent
2026-08-14 12:15:49,036 [INFO] [central] Created task task-314ac0a3 for agent blog-agent (Status: AWAITING_APPROVAL)
2026-08-14 12:15:49,036 [INFO] [central] Task task-314ac0a3 approved by admin
2026-08-14 12:15:52,166 [INFO] [central] Registered agent implementation: blog-agent
2026-08-14 12:15:52,167 [INFO] [central] Created task task-23feb21a for agent blog-agent (Status: AWAITING_APPROVAL)
2026-08-14 12:15:52,167 [INFO] [central] Task task-23feb21a rejected by manager
2026-08-14 12:29:35,217 [INFO] [central] Registered agent implementation: blog-agent
2026-08-14 12:29:35,219 [INFO] [central] Registered agent implementation: corporate-cars-social-agent
2026-08-14 12:29:35,339 [INFO] [central] Created task task-45378edf for agent blog-agent (Status: AWAITING_APPROVAL)
2026-08-14 12:29:35,347 [INFO] [central] Task task-45378edf approved by test_admin
2026-08-14 12:29:35,351 [INFO] [central] Created task task-20a311fc for agent blog-agent (Status: QUEUED)
2026-08-14 12:29:41,214 [INFO] [central] Registered agent implementation: blog-agent
2026-08-14 12:29:41,214 [INFO] [central] Created task task-20185ea0 for agent blog-agent (Status: QUEUED)
2026-08-14 12:29:43,455 [INFO] [central] Registered agent implementation: blog-agent
2026-08-14 12:29:43,455 [INFO] [central] Created task task-45b76d3d for agent blog-agent (Status: AWAITING_APPROVAL)
2026-08-14 12:29:43,455 [INFO] [central] Task task-45b76d3d approved by admin
2026-08-14 12:29:45,675 [INFO] [central] Registered agent implementation: blog-agent
2026-08-14 12:29:45,675 [INFO] [central] Created task task-1d74932a for agent blog-agent (Status: AWAITING_APPROVAL)
2026-08-14 12:29:45,676 [INFO] [central] Task task-1d74932a rejected by manager
2026-08-14 12:35:39,931 [INFO] [central] Registered agent implementation: blog-agent
2026-08-14 12:35:39,932 [INFO] [central] Registered agent implementation: corporate-cars-social-agent
2026-08-14 12:35:40,043 [INFO] [central] Created task task-4701b5bd for agent blog-agent (Status: AWAITING_APPROVAL)
2026-08-14 12:35:40,049 [INFO] [central] Task task-4701b5bd approved by test_admin
2026-08-14 12:35:40,053 [INFO] [central] Created task task-db858a1d for agent blog-agent (Status: QUEUED)
2026-08-14 12:35:44,243 [INFO] [central] Registered agent implementation: blog-agent
2026-08-14 12:35:44,243 [INFO] [central] Created task task-5fb50780 for agent blog-agent (Status: QUEUED)
2026-08-14 12:35:46,022 [INFO] [central] Registered agent implementation: blog-agent
2026-08-14 12:35:46,023 [INFO] [central] Created task task-b700a229 for agent blog-agent (Status: AWAITING_APPROVAL)
2026-08-14 12:35:46,023 [INFO] [central] Task task-b700a229 approved by admin
2026-08-14 12:35:47,921 [INFO] [central] Registered agent implementation: blog-agent
2026-08-14 12:35:47,921 [INFO] [central] Created task task-e74a1485 for agent blog-agent (Status: AWAITING_APPROVAL)
2026-08-14 12:35:47,921 [INFO] [central] Task task-e74a1485 rejected by manager
2026-08-14 12:43:27,616 [INFO] [central] Registered agent implementation: blog-agent
2026-08-14 12:43:27,617 [INFO] [central] Registered agent implementation: corporate-cars-social-agent
2026-08-14 12:54:48,824 [INFO] [central] Created task task-e8965979 for agent blog-agent (Status: QUEUED)
2026-08-14 13:05:34,899 [INFO] [central] Registered agent implementation: blog-agent
2026-08-14 13:05:34,900 [INFO] [central] Registered agent implementation: corporate-cars-social-agent
2026-08-14 13:05:35,018 [INFO] [central] Created task task-2ccdb7f7 for agent blog-agent (Status: AWAITING_APPROVAL)
2026-08-14 13:05:35,027 [INFO] [central] Task task-2ccdb7f7 approved by test_admin
2026-08-14 13:05:35,031 [INFO] [central] Created task task-9764efc6 for agent blog-agent (Status: QUEUED)
2026-08-14 13:05:40,859 [INFO] [central] Registered agent implementation: blog-agent
2026-08-14 13:05:40,859 [INFO] [central] Created task task-c988b598 for agent blog-agent (Status: QUEUED)
2026-08-14 13:05:42,782 [INFO] [central] Registered agent implementation: blog-agent
2026-08-14 13:05:42,782 [INFO] [central] Created task task-22ec45b1 for agent blog-agent (Status: AWAITING_APPROVAL)
2026-08-14 13:05:42,782 [INFO] [central] Task task-22ec45b1 approved by admin
2026-08-14 13:05:44,858 [INFO] [central] Registered agent implementation: blog-agent
2026-08-14 13:05:44,858 [INFO] [central] Created task task-d389d583 for agent blog-agent (Status: AWAITING_APPROVAL)
2026-08-14 13:05:44,858 [INFO] [central] Task task-d389d583 rejected by manager
2026-08-14 13:05:59,987 [INFO] [central] Registered agent implementation: blog-agent
2026-08-14 13:05:59,987 [INFO] [central] Registered agent implementation: corporate-cars-social-agent
2026-08-14 13:05:59,987 [INFO] [central] Created task task-6ceecd37 for agent blog-agent (Status: QUEUED)
2026-08-14 13:06:01,779 [INFO] [central] Created task task-f42adb5b for agent corporate-cars-social-agent (Status: QUEUED)
2026-08-14 13:06:19,756 [INFO] [central] Registered agent implementation: blog-agent
2026-08-14 13:06:19,756 [INFO] [central] Registered agent implementation: corporate-cars-social-agent
2026-08-14 13:06:19,831 [INFO] [central] Created task task-edc77b71 for agent blog-agent (Status: QUEUED)
2026-08-14 13:06:23,101 [INFO] [central] Created task task-dcbc4c00 for agent corporate-cars-social-agent (Status: QUEUED)
2026-08-14 13:15:44,737 [INFO] [central] Registered agent implementation: blog-agent
2026-08-14 13:15:44,737 [INFO] [central] Registered agent implementation: corporate-cars-social-agent
2026-08-14 13:15:44,737 [INFO] [central] Registered agent implementation: seo-keyword-agent
2026-08-14 13:15:44,851 [INFO] [central] Created task task-cf062a4a for agent blog-agent (Status: AWAITING_APPROVAL)
2026-08-14 13:15:44,859 [INFO] [central] Task task-cf062a4a approved by test_admin
2026-08-14 13:15:44,865 [INFO] [central] Created task task-78d2a3f3 for agent blog-agent (Status: QUEUED)
2026-08-14 13:15:49,099 [INFO] [central] Registered agent implementation: seo-keyword-agent
2026-08-14 13:15:49,100 [INFO] [central] Registered agent implementation: seo-keyword-agent
2026-08-14 13:15:49,103 [INFO] [central] Created task task-3707957b for agent seo-keyword-agent (Status: QUEUED)
2026-08-14 13:15:49,110 [INFO] [central] Registered agent implementation: seo-keyword-agent
2026-08-14 13:15:49,111 [INFO] [central] Created task task-f5ce398d for agent seo-keyword-agent (Status: QUEUED)
2026-08-14 13:15:49,113 [INFO] [central] Registered agent implementation: seo-keyword-agent
2026-08-14 13:15:49,113 [INFO] [central] Registered agent implementation: blog-agent
2026-08-14 13:15:49,114 [INFO] [central] Created task task-27fb92ce for agent blog-agent (Status: QUEUED)
2026-08-14 13:15:50,946 [INFO] [central] Registered agent implementation: blog-agent
2026-08-14 13:15:50,947 [INFO] [central] Created task task-066ceacb for agent blog-agent (Status: AWAITING_APPROVAL)
2026-08-14 13:15:50,947 [INFO] [central] Task task-066ceacb approved by admin
2026-08-14 13:15:52,703 [INFO] [central] Registered agent implementation: blog-agent
2026-08-14 13:15:52,704 [INFO] [central] Created task task-b9221b70 for agent blog-agent (Status: AWAITING_APPROVAL)
2026-08-14 13:15:52,704 [INFO] [central] Task task-b9221b70 rejected by manager
2026-08-14 13:18:02,313 [INFO] [central] Registered agent implementation: blog-agent
2026-08-14 13:18:02,313 [INFO] [central] Registered agent implementation: corporate-cars-social-agent
2026-08-14 13:18:02,315 [INFO] [central] Registered agent implementation: seo-keyword-agent
2026-08-14 13:20:04,136 [INFO] [central] Registered agent implementation: blog-agent
2026-08-14 13:20:04,136 [INFO] [central] Registered agent implementation: corporate-cars-social-agent
2026-08-14 13:20:04,136 [INFO] [central] Registered agent implementation: seo-keyword-agent
2026-08-14 13:20:04,136 [INFO] [central] Registered agent implementation: competitor-analysis-agent
2026-08-14 13:20:04,194 [INFO] [central] Registered agent implementation: competitor-analysis-agent
2026-08-14 13:20:04,194 [INFO] [central] Registered agent implementation: competitor-analysis-agent
2026-08-14 13:20:04,205 [INFO] [central] Created task task-3ba9b8fe for agent competitor-analysis-agent (Status: QUEUED)
2026-08-14 13:20:04,215 [INFO] [central] Registered agent implementation: competitor-analysis-agent
2026-08-14 13:20:04,215 [INFO] [central] Created task task-49952afd for agent competitor-analysis-agent (Status: QUEUED)
2026-08-14 13:20:04,216 [INFO] [central] Registered agent implementation: competitor-analysis-agent
2026-08-14 13:20:04,231 [INFO] [central] Created task task-3b62cedc for agent blog-agent (Status: AWAITING_APPROVAL)
2026-08-14 13:20:04,239 [INFO] [central] Task task-3b62cedc approved by test_admin
2026-08-14 13:20:04,242 [INFO] [central] Created task task-7a102d84 for agent blog-agent (Status: QUEUED)
2026-08-14 13:20:08,143 [INFO] [central] Registered agent implementation: seo-keyword-agent
2026-08-14 13:20:08,143 [INFO] [central] Registered agent implementation: seo-keyword-agent
2026-08-14 13:20:08,149 [INFO] [central] Created task task-31905658 for agent seo-keyword-agent (Status: QUEUED)
2026-08-14 13:20:08,157 [INFO] [central] Registered agent implementation: seo-keyword-agent
2026-08-14 13:20:08,157 [INFO] [central] Created task task-d8b0bc69 for agent seo-keyword-agent (Status: QUEUED)
2026-08-14 13:20:08,158 [INFO] [central] Registered agent implementation: seo-keyword-agent
2026-08-14 13:20:08,159 [INFO] [central] Registered agent implementation: blog-agent
2026-08-14 13:20:08,159 [INFO] [central] Created task task-c8873bd1 for agent blog-agent (Status: QUEUED)
2026-08-14 13:20:10,275 [INFO] [central] Registered agent implementation: blog-agent
2026-08-14 13:20:10,275 [INFO] [central] Created task task-fab6f342 for agent blog-agent (Status: AWAITING_APPROVAL)
2026-08-14 13:20:10,275 [INFO] [central] Task task-fab6f342 approved by admin
2026-08-14 13:20:12,228 [INFO] [central] Registered agent implementation: blog-agent
2026-08-14 13:20:12,228 [INFO] [central] Created task task-ff13a2d2 for agent blog-agent (Status: AWAITING_APPROVAL)
2026-08-14 13:20:12,228 [INFO] [central] Task task-ff13a2d2 rejected by manager
2026-08-14 13:20:36,355 [INFO] [central] Registered agent implementation: blog-agent
2026-08-14 13:20:36,355 [INFO] [central] Registered agent implementation: corporate-cars-social-agent
2026-08-14 13:20:36,356 [INFO] [central] Registered agent implementation: seo-keyword-agent
2026-08-14 13:20:36,356 [INFO] [central] Registered agent implementation: competitor-analysis-agent
2026-08-14 13:21:58,333 [INFO] [central] Registered agent implementation: blog-agent
2026-08-14 13:21:58,334 [INFO] [central] Registered agent implementation: corporate-cars-social-agent
2026-08-14 13:21:58,334 [INFO] [central] Registered agent implementation: seo-keyword-agent
2026-08-14 13:21:58,334 [INFO] [central] Registered agent implementation: competitor-analysis-agent
2026-08-14 13:21:58,334 [INFO] [central] Registered agent implementation: seo-content-brief-agent
2026-08-14 13:21:58,401 [INFO] [central] Registered agent implementation: competitor-analysis-agent
2026-08-14 13:21:58,402 [INFO] [central] Registered agent implementation: competitor-analysis-agent
2026-08-14 13:21:58,418 [INFO] [central] Created task task-7210b999 for agent competitor-analysis-agent (Status: QUEUED)
2026-08-14 13:21:58,430 [INFO] [central] Registered agent implementation: competitor-analysis-agent
2026-08-14 13:21:58,430 [INFO] [central] Created task task-e47caf74 for agent competitor-analysis-agent (Status: QUEUED)
2026-08-14 13:21:58,430 [INFO] [central] Registered agent implementation: competitor-analysis-agent
2026-08-14 13:21:58,449 [INFO] [central] Created task task-a07f7812 for agent blog-agent (Status: AWAITING_APPROVAL)
2026-08-14 13:21:58,462 [INFO] [central] Task task-a07f7812 approved by test_admin
2026-08-14 13:21:58,467 [INFO] [central] Created task task-51e6118c for agent blog-agent (Status: QUEUED)
2026-08-14 13:22:01,767 [INFO] [central] Registered agent implementation: seo-content-brief-agent
2026-08-14 13:22:01,768 [INFO] [central] Registered agent implementation: seo-content-brief-agent
2026-08-14 13:22:01,773 [INFO] [central] Created task task-6d6add66 for agent seo-content-brief-agent (Status: QUEUED)
2026-08-14 13:22:01,780 [INFO] [central] Registered agent implementation: seo-content-brief-agent
2026-08-14 13:22:01,781 [INFO] [central] Created task task-2bd72a36 for agent seo-content-brief-agent (Status: QUEUED)
2026-08-14 13:22:01,782 [INFO] [central] Registered agent implementation: seo-content-brief-agent
2026-08-14 13:22:01,782 [INFO] [central] Registered agent implementation: seo-keyword-agent
2026-08-14 13:22:01,783 [INFO] [central] Registered agent implementation: seo-keyword-agent
2026-08-14 13:22:01,786 [INFO] [central] Created task task-3c564965 for agent seo-keyword-agent (Status: QUEUED)
2026-08-14 13:22:01,796 [INFO] [central] Registered agent implementation: seo-keyword-agent
2026-08-14 13:22:01,796 [INFO] [central] Created task task-5bfe95c9 for agent seo-keyword-agent (Status: QUEUED)
2026-08-14 13:22:01,797 [INFO] [central] Registered agent implementation: seo-keyword-agent
2026-08-14 13:22:01,798 [INFO] [central] Registered agent implementation: blog-agent
2026-08-14 13:22:01,798 [INFO] [central] Created task task-cc8e99f0 for agent blog-agent (Status: QUEUED)
2026-08-14 13:22:03,979 [INFO] [central] Registered agent implementation: blog-agent
2026-08-14 13:22:03,979 [INFO] [central] Created task task-7261c19a for agent blog-agent (Status: AWAITING_APPROVAL)
2026-08-14 13:22:03,979 [INFO] [central] Task task-7261c19a approved by admin
2026-08-14 13:22:06,052 [INFO] [central] Registered agent implementation: blog-agent
2026-08-14 13:22:06,052 [INFO] [central] Created task task-281a1d12 for agent blog-agent (Status: AWAITING_APPROVAL)
2026-08-14 13:22:06,052 [INFO] [central] Task task-281a1d12 rejected by manager
2026-08-14 13:22:57,471 [INFO] [central] Registered agent implementation: blog-agent
2026-08-14 13:22:57,471 [INFO] [central] Registered agent implementation: corporate-cars-social-agent
2026-08-14 13:22:57,471 [INFO] [central] Registered agent implementation: seo-keyword-agent
2026-08-14 13:22:57,471 [INFO] [central] Registered agent implementation: competitor-analysis-agent
2026-08-14 13:22:57,471 [INFO] [central] Registered agent implementation: seo-content-brief-agent
2026-08-14 13:24:53,798 [INFO] [central] Registered agent implementation: blog-agent
2026-08-14 13:24:53,798 [INFO] [central] Registered agent implementation: corporate-cars-social-agent
2026-08-14 13:24:53,798 [INFO] [central] Registered agent implementation: seo-keyword-agent
2026-08-14 13:24:53,798 [INFO] [central] Registered agent implementation: competitor-analysis-agent
2026-08-14 13:24:53,798 [INFO] [central] Registered agent implementation: seo-content-brief-agent
2026-08-14 13:24:53,799 [INFO] [central] Registered agent implementation: internal-linking-agent
2026-08-14 13:24:53,857 [INFO] [central] Registered agent implementation: competitor-analysis-agent
2026-08-14 13:24:53,858 [INFO] [central] Registered agent implementation: competitor-analysis-agent
2026-08-14 13:24:53,867 [INFO] [central] Created task task-47da7fbe for agent competitor-analysis-agent (Status: QUEUED)
2026-08-14 13:24:53,878 [INFO] [central] Registered agent implementation: competitor-analysis-agent
2026-08-14 13:24:53,879 [INFO] [central] Created task task-d992c9d6 for agent competitor-analysis-agent (Status: QUEUED)
2026-08-14 13:24:53,879 [INFO] [central] Registered agent implementation: competitor-analysis-agent
2026-08-14 13:24:53,895 [INFO] [central] Created task task-0c3757b2 for agent blog-agent (Status: AWAITING_APPROVAL)
2026-08-14 13:24:53,903 [INFO] [central] Task task-0c3757b2 approved by test_admin
2026-08-14 13:24:53,907 [INFO] [central] Created task task-0aaa1e51 for agent blog-agent (Status: QUEUED)
2026-08-14 13:24:57,642 [INFO] [central] Registered agent implementation: internal-linking-agent
2026-08-14 13:24:57,643 [INFO] [central] Registered agent implementation: internal-linking-agent
2026-08-14 13:24:57,646 [INFO] [central] Created task task-d3a12020 for agent internal-linking-agent (Status: QUEUED)
2026-08-14 13:24:57,653 [INFO] [central] Registered agent implementation: internal-linking-agent
2026-08-14 13:24:57,653 [INFO] [central] Created task task-ca596c44 for agent internal-linking-agent (Status: QUEUED)
2026-08-14 13:24:57,654 [INFO] [central] Registered agent implementation: internal-linking-agent
2026-08-14 13:24:57,655 [INFO] [central] Registered agent implementation: seo-content-brief-agent
2026-08-14 13:24:57,655 [INFO] [central] Registered agent implementation: seo-content-brief-agent
2026-08-14 13:24:57,660 [INFO] [central] Created task task-cb364911 for agent seo-content-brief-agent (Status: QUEUED)
2026-08-14 13:24:57,669 [INFO] [central] Registered agent implementation: seo-content-brief-agent
2026-08-14 13:24:57,670 [INFO] [central] Created task task-d21ef9ab for agent seo-content-brief-agent (Status: QUEUED)
2026-08-14 13:24:57,670 [INFO] [central] Registered agent implementation: seo-content-brief-agent
2026-08-14 13:24:57,671 [INFO] [central] Registered agent implementation: seo-keyword-agent
2026-08-14 13:24:57,671 [INFO] [central] Registered agent implementation: seo-keyword-agent
2026-08-14 13:24:57,674 [INFO] [central] Created task task-c578fb03 for agent seo-keyword-agent (Status: QUEUED)
2026-08-14 13:24:57,682 [INFO] [central] Registered agent implementation: seo-keyword-agent
2026-08-14 13:24:57,683 [INFO] [central] Created task task-4c2a9b8a for agent seo-keyword-agent (Status: QUEUED)
2026-08-14 13:24:57,684 [INFO] [central] Registered agent implementation: seo-keyword-agent
2026-08-14 13:24:57,685 [INFO] [central] Registered agent implementation: blog-agent
2026-08-14 13:24:57,685 [INFO] [central] Created task task-30a94b92 for agent blog-agent (Status: QUEUED)
2026-08-14 13:24:59,381 [INFO] [central] Registered agent implementation: blog-agent
2026-08-14 13:24:59,381 [INFO] [central] Created task task-503b9e20 for agent blog-agent (Status: AWAITING_APPROVAL)
2026-08-14 13:24:59,381 [INFO] [central] Task task-503b9e20 approved by admin
2026-08-14 13:25:01,277 [INFO] [central] Registered agent implementation: blog-agent
2026-08-14 13:25:01,277 [INFO] [central] Created task task-7a9013ef for agent blog-agent (Status: AWAITING_APPROVAL)
2026-08-14 13:25:01,277 [INFO] [central] Task task-7a9013ef rejected by manager
2026-08-14 13:26:01,116 [INFO] [central] Registered agent implementation: blog-agent
2026-08-14 13:26:01,117 [INFO] [central] Registered agent implementation: corporate-cars-social-agent
2026-08-14 13:26:01,118 [INFO] [central] Registered agent implementation: seo-keyword-agent
2026-08-14 13:26:01,118 [INFO] [central] Registered agent implementation: competitor-analysis-agent
2026-08-14 13:26:01,118 [INFO] [central] Registered agent implementation: seo-content-brief-agent
2026-08-14 13:26:01,118 [INFO] [central] Registered agent implementation: internal-linking-agent
2026-08-14 13:28:24,483 [INFO] [central] Registered agent implementation: blog-agent
2026-08-14 13:28:24,483 [INFO] [central] Registered agent implementation: corporate-cars-social-agent
2026-08-14 13:28:24,483 [INFO] [central] Registered agent implementation: seo-keyword-agent
2026-08-14 13:28:24,483 [INFO] [central] Registered agent implementation: competitor-analysis-agent
2026-08-14 13:28:24,483 [INFO] [central] Registered agent implementation: seo-content-brief-agent
2026-08-14 13:28:24,485 [INFO] [central] Registered agent implementation: internal-linking-agent
2026-08-14 13:28:24,485 [INFO] [central] Registered agent implementation: seo-audit-agent
2026-08-14 13:28:24,677 [INFO] [central] Registered agent implementation: competitor-analysis-agent
2026-08-14 13:28:24,678 [INFO] [central] Registered agent implementation: competitor-analysis-agent
2026-08-14 13:28:24,708 [INFO] [central] Created task task-77e974da for agent competitor-analysis-agent (Status: QUEUED)
2026-08-14 13:28:24,737 [INFO] [central] Registered agent implementation: competitor-analysis-agent
2026-08-14 13:28:24,738 [INFO] [central] Created task task-9f92e5eb for agent competitor-analysis-agent (Status: QUEUED)
2026-08-14 13:28:24,740 [INFO] [central] Registered agent implementation: competitor-analysis-agent
2026-08-14 13:28:24,784 [INFO] [central] Created task task-059e1031 for agent blog-agent (Status: AWAITING_APPROVAL)
2026-08-14 13:28:24,806 [INFO] [central] Task task-059e1031 approved by test_admin
2026-08-14 13:28:24,819 [INFO] [central] Created task task-2d6e1a66 for agent blog-agent (Status: QUEUED)
2026-08-14 13:28:34,040 [INFO] [central] Registered agent implementation: internal-linking-agent
2026-08-14 13:28:34,042 [INFO] [central] Registered agent implementation: internal-linking-agent
2026-08-14 13:28:34,052 [INFO] [central] Created task task-389bc5d3 for agent internal-linking-agent (Status: QUEUED)
2026-08-14 13:28:34,071 [INFO] [central] Registered agent implementation: internal-linking-agent
2026-08-14 13:28:34,073 [INFO] [central] Created task task-e214bd18 for agent internal-linking-agent (Status: QUEUED)
2026-08-14 13:28:34,074 [INFO] [central] Registered agent implementation: internal-linking-agent
2026-08-14 13:28:34,075 [INFO] [central] Registered agent implementation: seo-audit-agent
2026-08-14 13:28:34,076 [INFO] [central] Registered agent implementation: seo-audit-agent
2026-08-14 13:28:34,084 [INFO] [central] Created task task-48492d33 for agent seo-audit-agent (Status: QUEUED)
2026-08-14 13:28:34,103 [INFO] [central] Registered agent implementation: seo-audit-agent
2026-08-14 13:28:34,104 [INFO] [central] Created task task-52bb9939 for agent seo-audit-agent (Status: QUEUED)
2026-08-14 13:28:34,107 [INFO] [central] Registered agent implementation: seo-audit-agent
2026-08-14 13:28:34,109 [INFO] [central] Registered agent implementation: seo-content-brief-agent
2026-08-14 13:28:34,109 [INFO] [central] Registered agent implementation: seo-content-brief-agent
2026-08-14 13:28:34,119 [INFO] [central] Created task task-aefb0c25 for agent seo-content-brief-agent (Status: QUEUED)
2026-08-14 13:28:34,128 [INFO] [central] Registered agent implementation: seo-content-brief-agent
2026-08-14 13:28:34,128 [INFO] [central] Created task task-be85b177 for agent seo-content-brief-agent (Status: QUEUED)
2026-08-14 13:28:34,136 [INFO] [central] Registered agent implementation: seo-content-brief-agent
2026-08-14 13:28:34,139 [INFO] [central] Registered agent implementation: seo-keyword-agent
2026-08-14 13:28:34,139 [INFO] [central] Registered agent implementation: seo-keyword-agent
2026-08-14 13:28:34,146 [INFO] [central] Created task task-c7e2be6e for agent seo-keyword-agent (Status: QUEUED)
2026-08-14 13:28:34,163 [INFO] [central] Registered agent implementation: seo-keyword-agent
2026-08-14 13:28:34,164 [INFO] [central] Created task task-9235bd57 for agent seo-keyword-agent (Status: QUEUED)
2026-08-14 13:28:34,167 [INFO] [central] Registered agent implementation: seo-keyword-agent
2026-08-14 13:28:34,168 [INFO] [central] Registered agent implementation: blog-agent
2026-08-14 13:28:34,168 [INFO] [central] Created task task-26ca0d15 for agent blog-agent (Status: QUEUED)
2026-08-14 13:28:39,656 [INFO] [central] Registered agent implementation: blog-agent
2026-08-14 13:28:39,657 [INFO] [central] Created task task-4bc73953 for agent blog-agent (Status: AWAITING_APPROVAL)
2026-08-14 13:28:39,657 [INFO] [central] Task task-4bc73953 approved by admin
2026-08-14 13:28:44,888 [INFO] [central] Registered agent implementation: blog-agent
2026-08-14 13:28:44,888 [INFO] [central] Created task task-03febba6 for agent blog-agent (Status: AWAITING_APPROVAL)
2026-08-14 13:28:44,888 [INFO] [central] Task task-03febba6 rejected by manager
2026-08-14 13:34:59,605 [INFO] [central] Registered agent implementation: blog-agent
2026-08-14 13:34:59,613 [INFO] [central] Registered agent implementation: corporate-cars-social-agent
2026-08-14 13:34:59,614 [INFO] [central] Registered agent implementation: seo-keyword-agent
2026-08-14 13:34:59,614 [INFO] [central] Registered agent implementation: competitor-analysis-agent
2026-08-14 13:34:59,614 [INFO] [central] Registered agent implementation: seo-content-brief-agent
2026-08-14 13:34:59,615 [INFO] [central] Registered agent implementation: internal-linking-agent
2026-08-14 13:34:59,615 [INFO] [central] Registered agent implementation: seo-audit-agent
2026-08-14 13:35:57,549 [INFO] [central] Registered agent implementation: blog-agent
2026-08-14 13:35:57,553 [INFO] [central] Registered agent implementation: corporate-cars-social-agent
2026-08-14 13:35:57,553 [INFO] [central] Registered agent implementation: seo-keyword-agent
2026-08-14 13:35:57,553 [INFO] [central] Registered agent implementation: competitor-analysis-agent
2026-08-14 13:35:57,553 [INFO] [central] Registered agent implementation: seo-content-brief-agent
2026-08-14 13:35:57,554 [INFO] [central] Registered agent implementation: internal-linking-agent
2026-08-14 13:35:57,554 [INFO] [central] Registered agent implementation: seo-audit-agent
2026-08-14 13:35:57,554 [INFO] [central] Registered agent implementation: gsc-agent
2026-08-14 13:35:57,778 [INFO] [central] Registered agent implementation: competitor-analysis-agent
2026-08-14 13:35:57,780 [INFO] [central] Registered agent implementation: competitor-analysis-agent
2026-08-14 13:35:57,801 [INFO] [central] Created task task-fd9ca657 for agent competitor-analysis-agent (Status: QUEUED)
2026-08-14 13:35:57,831 [INFO] [central] Registered agent implementation: competitor-analysis-agent
2026-08-14 13:35:57,831 [INFO] [central] Created task task-9b72dff3 for agent competitor-analysis-agent (Status: QUEUED)
2026-08-14 13:35:57,833 [INFO] [central] Registered agent implementation: competitor-analysis-agent
2026-08-14 13:35:57,876 [INFO] [central] Created task task-d2864268 for agent blog-agent (Status: AWAITING_APPROVAL)
2026-08-14 13:35:57,897 [INFO] [central] Task task-d2864268 approved by test_admin
2026-08-14 13:35:57,909 [INFO] [central] Created task task-b54ac7c7 for agent blog-agent (Status: QUEUED)
2026-08-14 13:36:07,065 [INFO] [central] Registered agent implementation: gsc-agent
2026-08-14 13:36:07,066 [INFO] [central] Registered agent implementation: gsc-agent
2026-08-14 13:36:07,075 [INFO] [central] Created task task-25086f06 for agent gsc-agent (Status: QUEUED)
2026-08-14 13:36:07,095 [INFO] [central] Registered agent implementation: gsc-agent
2026-08-14 13:36:07,096 [INFO] [central] Created task task-0be02fbf for agent gsc-agent (Status: QUEUED)
2026-08-14 13:36:07,099 [INFO] [central] Registered agent implementation: gsc-agent
2026-08-14 13:36:07,101 [INFO] [central] Registered agent implementation: internal-linking-agent
2026-08-14 13:36:07,102 [INFO] [central] Registered agent implementation: internal-linking-agent
2026-08-14 13:36:07,110 [INFO] [central] Created task task-b757bae9 for agent internal-linking-agent (Status: QUEUED)
2026-08-14 13:36:07,131 [INFO] [central] Registered agent implementation: internal-linking-agent
2026-08-14 13:36:07,132 [INFO] [central] Created task task-9846738d for agent internal-linking-agent (Status: QUEUED)
2026-08-14 13:36:07,133 [INFO] [central] Registered agent implementation: internal-linking-agent
2026-08-14 13:36:07,137 [INFO] [central] Registered agent implementation: seo-audit-agent
2026-08-14 13:36:07,138 [INFO] [central] Registered agent implementation: seo-audit-agent
2026-08-14 13:36:07,146 [INFO] [central] Created task task-712f5881 for agent seo-audit-agent (Status: QUEUED)
2026-08-14 13:36:07,163 [INFO] [central] Registered agent implementation: seo-audit-agent
2026-08-14 13:36:07,164 [INFO] [central] Created task task-b787f01d for agent seo-audit-agent (Status: QUEUED)
2026-08-14 13:36:07,165 [INFO] [central] Registered agent implementation: seo-audit-agent
2026-08-14 13:36:07,166 [INFO] [central] Registered agent implementation: seo-content-brief-agent
2026-08-14 13:36:07,167 [INFO] [central] Registered agent implementation: seo-content-brief-agent
2026-08-14 13:36:07,176 [INFO] [central] Created task task-485c792f for agent seo-content-brief-agent (Status: QUEUED)
2026-08-14 13:36:07,195 [INFO] [central] Registered agent implementation: seo-content-brief-agent
2026-08-14 13:36:07,196 [INFO] [central] Created task task-ae9d460d for agent seo-content-brief-agent (Status: QUEUED)
2026-08-14 13:36:07,198 [INFO] [central] Registered agent implementation: seo-content-brief-agent
2026-08-14 13:36:07,200 [INFO] [central] Registered agent implementation: seo-keyword-agent
2026-08-14 13:36:07,201 [INFO] [central] Registered agent implementation: seo-keyword-agent
2026-08-14 13:36:07,210 [INFO] [central] Created task task-b43a73b6 for agent seo-keyword-agent (Status: QUEUED)
2026-08-14 13:36:07,230 [INFO] [central] Registered agent implementation: seo-keyword-agent
2026-08-14 13:36:07,231 [INFO] [central] Created task task-3035e95e for agent seo-keyword-agent (Status: QUEUED)
2026-08-14 13:36:07,232 [INFO] [central] Registered agent implementation: seo-keyword-agent
2026-08-14 13:36:07,234 [INFO] [central] Registered agent implementation: blog-agent
2026-08-14 13:36:07,234 [INFO] [central] Created task task-d885d5b7 for agent blog-agent (Status: QUEUED)
2026-08-14 13:36:12,610 [INFO] [central] Registered agent implementation: blog-agent
2026-08-14 13:36:12,610 [INFO] [central] Created task task-9102826d for agent blog-agent (Status: AWAITING_APPROVAL)
2026-08-14 13:36:12,610 [INFO] [central] Task task-9102826d approved by admin
2026-08-14 13:36:17,934 [INFO] [central] Registered agent implementation: blog-agent
2026-08-14 13:36:17,935 [INFO] [central] Created task task-079a160d for agent blog-agent (Status: AWAITING_APPROVAL)
2026-08-14 13:36:17,935 [INFO] [central] Task task-079a160d rejected by manager
2026-08-14 13:37:45,000 [INFO] [central] Registered agent implementation: blog-agent
2026-08-14 13:37:45,004 [INFO] [central] Registered agent implementation: corporate-cars-social-agent
2026-08-14 13:37:45,004 [INFO] [central] Registered agent implementation: seo-keyword-agent
2026-08-14 13:37:45,004 [INFO] [central] Registered agent implementation: competitor-analysis-agent
2026-08-14 13:37:45,005 [INFO] [central] Registered agent implementation: seo-content-brief-agent
2026-08-14 13:37:45,005 [INFO] [central] Registered agent implementation: internal-linking-agent
2026-08-14 13:37:45,005 [INFO] [central] Registered agent implementation: seo-audit-agent
2026-08-14 13:37:45,005 [INFO] [central] Registered agent implementation: gsc-agent
2026-08-14 13:38:51,506 [INFO] [central] Registered agent implementation: blog-agent
2026-08-14 13:38:51,506 [INFO] [central] Registered agent implementation: corporate-cars-social-agent
2026-08-14 13:38:51,508 [INFO] [central] Registered agent implementation: seo-keyword-agent
2026-08-14 13:38:51,508 [INFO] [central] Registered agent implementation: competitor-analysis-agent
2026-08-14 13:38:51,508 [INFO] [central] Registered agent implementation: seo-content-brief-agent
2026-08-14 13:38:51,508 [INFO] [central] Registered agent implementation: internal-linking-agent
2026-08-14 13:38:51,508 [INFO] [central] Registered agent implementation: seo-audit-agent
2026-08-14 13:38:51,508 [INFO] [central] Registered agent implementation: gsc-agent
2026-08-14 13:38:51,508 [INFO] [central] Registered agent implementation: ga4-reporting-agent
2026-08-14 13:38:51,682 [INFO] [central] Registered agent implementation: competitor-analysis-agent
2026-08-14 13:38:51,683 [INFO] [central] Registered agent implementation: competitor-analysis-agent
2026-08-14 13:38:51,712 [INFO] [central] Created task task-db9c1dc9 for agent competitor-analysis-agent (Status: QUEUED)
2026-08-14 13:38:51,740 [INFO] [central] Registered agent implementation: competitor-analysis-agent
2026-08-14 13:38:51,740 [INFO] [central] Created task task-b84fe974 for agent competitor-analysis-agent (Status: QUEUED)
2026-08-14 13:38:51,742 [INFO] [central] Registered agent implementation: competitor-analysis-agent
2026-08-14 13:38:51,784 [INFO] [central] Created task task-cad7f8b2 for agent blog-agent (Status: AWAITING_APPROVAL)
2026-08-14 13:38:51,811 [INFO] [central] Task task-cad7f8b2 approved by test_admin
2026-08-14 13:38:51,823 [INFO] [central] Created task task-bf2cba0f for agent blog-agent (Status: QUEUED)
2026-08-14 13:39:01,067 [INFO] [central] Registered agent implementation: ga4-reporting-agent
2026-08-14 13:39:01,068 [INFO] [central] Registered agent implementation: ga4-reporting-agent
2026-08-14 13:39:01,076 [INFO] [central] Created task task-a2784a72 for agent ga4-reporting-agent (Status: QUEUED)
2026-08-14 13:39:01,098 [INFO] [central] Registered agent implementation: ga4-reporting-agent
2026-08-14 13:39:01,098 [INFO] [central] Created task task-23b2e85c for agent ga4-reporting-agent (Status: QUEUED)
2026-08-14 13:39:01,102 [INFO] [central] Registered agent implementation: ga4-reporting-agent
2026-08-14 13:39:01,103 [INFO] [central] Registered agent implementation: gsc-agent
2026-08-14 13:39:01,104 [INFO] [central] Registered agent implementation: gsc-agent
2026-08-14 13:39:01,111 [INFO] [central] Created task task-8bffc8f7 for agent gsc-agent (Status: QUEUED)
2026-08-14 13:39:01,131 [INFO] [central] Registered agent implementation: gsc-agent
2026-08-14 13:39:01,131 [INFO] [central] Created task task-6223e379 for agent gsc-agent (Status: QUEUED)
2026-08-14 13:39:01,134 [INFO] [central] Registered agent implementation: gsc-agent
2026-08-14 13:39:01,134 [INFO] [central] Registered agent implementation: internal-linking-agent
2026-08-14 13:39:01,137 [INFO] [central] Registered agent implementation: internal-linking-agent
2026-08-14 13:39:01,144 [INFO] [central] Created task task-6297f77c for agent internal-linking-agent (Status: QUEUED)
2026-08-14 13:39:01,162 [INFO] [central] Registered agent implementation: internal-linking-agent
2026-08-14 13:39:01,164 [INFO] [central] Created task task-5fc6a033 for agent internal-linking-agent (Status: QUEUED)
2026-08-14 13:39:01,166 [INFO] [central] Registered agent implementation: internal-linking-agent
2026-08-14 13:39:01,169 [INFO] [central] Registered agent implementation: seo-audit-agent
2026-08-14 13:39:01,170 [INFO] [central] Registered agent implementation: seo-audit-agent
2026-08-14 13:39:01,177 [INFO] [central] Created task task-30a2f39b for agent seo-audit-agent (Status: QUEUED)
2026-08-14 13:39:01,193 [INFO] [central] Registered agent implementation: seo-audit-agent
2026-08-14 13:39:01,195 [INFO] [central] Created task task-ae98ffc3 for agent seo-audit-agent (Status: QUEUED)
2026-08-14 13:39:01,199 [INFO] [central] Registered agent implementation: seo-audit-agent
2026-08-14 13:39:01,201 [INFO] [central] Registered agent implementation: seo-content-brief-agent
2026-08-14 13:39:01,202 [INFO] [central] Registered agent implementation: seo-content-brief-agent
2026-08-14 13:39:01,208 [INFO] [central] Created task task-0cc351af for agent seo-content-brief-agent (Status: QUEUED)
2026-08-14 13:39:01,226 [INFO] [central] Registered agent implementation: seo-content-brief-agent
2026-08-14 13:39:01,227 [INFO] [central] Created task task-a5fc52b7 for agent seo-content-brief-agent (Status: QUEUED)
2026-08-14 13:39:01,229 [INFO] [central] Registered agent implementation: seo-content-brief-agent
2026-08-14 13:39:01,232 [INFO] [central] Registered agent implementation: seo-keyword-agent
2026-08-14 13:39:01,233 [INFO] [central] Registered agent implementation: seo-keyword-agent
2026-08-14 13:39:01,239 [INFO] [central] Created task task-12bbfcc1 for agent seo-keyword-agent (Status: QUEUED)
2026-08-14 13:39:01,257 [INFO] [central] Registered agent implementation: seo-keyword-agent
2026-08-14 13:39:01,257 [INFO] [central] Created task task-7e7e8fb3 for agent seo-keyword-agent (Status: QUEUED)
2026-08-14 13:39:01,259 [INFO] [central] Registered agent implementation: seo-keyword-agent
2026-08-14 13:39:01,260 [INFO] [central] Registered agent implementation: blog-agent
2026-08-14 13:39:01,261 [INFO] [central] Created task task-0b73c4b7 for agent blog-agent (Status: QUEUED)
2026-08-14 13:39:06,715 [INFO] [central] Registered agent implementation: blog-agent
2026-08-14 13:39:06,716 [INFO] [central] Created task task-1e20e449 for agent blog-agent (Status: AWAITING_APPROVAL)
2026-08-14 13:39:06,717 [INFO] [central] Task task-1e20e449 approved by admin
2026-08-14 13:39:12,225 [INFO] [central] Registered agent implementation: blog-agent
2026-08-14 13:39:12,225 [INFO] [central] Created task task-8cc2b87c for agent blog-agent (Status: AWAITING_APPROVAL)
2026-08-14 13:39:12,225 [INFO] [central] Task task-8cc2b87c rejected by manager
2026-08-14 13:40:19,258 [INFO] [central] Registered agent implementation: blog-agent
2026-08-14 13:40:19,258 [INFO] [central] Registered agent implementation: corporate-cars-social-agent
2026-08-14 13:40:19,260 [INFO] [central] Registered agent implementation: seo-keyword-agent
2026-08-14 13:40:19,260 [INFO] [central] Registered agent implementation: competitor-analysis-agent
2026-08-14 13:40:19,260 [INFO] [central] Registered agent implementation: seo-content-brief-agent
2026-08-14 13:40:19,260 [INFO] [central] Registered agent implementation: internal-linking-agent
2026-08-14 13:40:19,261 [INFO] [central] Registered agent implementation: seo-audit-agent
2026-08-14 13:40:19,261 [INFO] [central] Registered agent implementation: gsc-agent
2026-08-14 13:40:19,261 [INFO] [central] Registered agent implementation: ga4-reporting-agent
2026-08-14 13:41:29,945 [INFO] [central] Registered agent implementation: blog-agent
2026-08-14 13:41:29,945 [INFO] [central] Registered agent implementation: corporate-cars-social-agent
2026-08-14 13:41:29,952 [INFO] [central] Registered agent implementation: seo-keyword-agent
2026-08-14 13:41:29,952 [INFO] [central] Registered agent implementation: competitor-analysis-agent
2026-08-14 13:41:29,952 [INFO] [central] Registered agent implementation: seo-content-brief-agent
2026-08-14 13:41:29,952 [INFO] [central] Registered agent implementation: internal-linking-agent
2026-08-14 13:41:29,953 [INFO] [central] Registered agent implementation: seo-audit-agent
2026-08-14 13:41:29,953 [INFO] [central] Registered agent implementation: gsc-agent
2026-08-14 13:41:29,953 [INFO] [central] Registered agent implementation: ga4-reporting-agent
2026-08-14 13:41:29,953 [INFO] [central] Registered agent implementation: google-ads-monitoring-agent
2026-08-14 13:41:30,184 [INFO] [central] Registered agent implementation: competitor-analysis-agent
2026-08-14 13:41:30,185 [INFO] [central] Registered agent implementation: competitor-analysis-agent
2026-08-14 13:41:30,226 [INFO] [central] Created task task-98c4530f for agent competitor-analysis-agent (Status: QUEUED)
2026-08-14 13:41:30,261 [INFO] [central] Registered agent implementation: competitor-analysis-agent
2026-08-14 13:41:30,262 [INFO] [central] Created task task-d3dd48f6 for agent competitor-analysis-agent (Status: QUEUED)
2026-08-14 13:41:30,264 [INFO] [central] Registered agent implementation: competitor-analysis-agent
2026-08-14 13:41:30,317 [INFO] [central] Created task task-df098cb2 for agent blog-agent (Status: AWAITING_APPROVAL)
2026-08-14 13:41:30,341 [INFO] [central] Task task-df098cb2 approved by test_admin
2026-08-14 13:41:30,363 [INFO] [central] Created task task-d3d487d0 for agent blog-agent (Status: QUEUED)
2026-08-14 13:41:40,262 [INFO] [central] Registered agent implementation: ga4-reporting-agent
2026-08-14 13:41:40,263 [INFO] [central] Registered agent implementation: ga4-reporting-agent
2026-08-14 13:41:40,272 [INFO] [central] Created task task-acc96202 for agent ga4-reporting-agent (Status: QUEUED)
2026-08-14 13:41:40,295 [INFO] [central] Registered agent implementation: ga4-reporting-agent
2026-08-14 13:41:40,296 [INFO] [central] Created task task-34ac5c01 for agent ga4-reporting-agent (Status: QUEUED)
2026-08-14 13:41:40,298 [INFO] [central] Registered agent implementation: ga4-reporting-agent
2026-08-14 13:41:40,299 [INFO] [central] Registered agent implementation: google-ads-monitoring-agent
2026-08-14 13:41:40,300 [INFO] [central] Registered agent implementation: google-ads-monitoring-agent
2026-08-14 13:41:40,310 [INFO] [central] Created task task-526c8c58 for agent google-ads-monitoring-agent (Status: QUEUED)
2026-08-14 13:41:40,329 [INFO] [central] Registered agent implementation: google-ads-monitoring-agent
2026-08-14 13:41:40,330 [INFO] [central] Created task task-03303140 for agent google-ads-monitoring-agent (Status: QUEUED)
2026-08-14 13:41:40,333 [INFO] [central] Registered agent implementation: google-ads-monitoring-agent
2026-08-14 13:41:40,334 [INFO] [central] Registered agent implementation: google-ads-monitoring-agent
2026-08-14 13:41:40,336 [INFO] [central] Registered agent implementation: gsc-agent
2026-08-14 13:41:40,337 [INFO] [central] Registered agent implementation: gsc-agent
2026-08-14 13:41:40,346 [INFO] [central] Created task task-894657c3 for agent gsc-agent (Status: QUEUED)
2026-08-14 13:41:40,363 [INFO] [central] Registered agent implementation: gsc-agent
2026-08-14 13:41:40,364 [INFO] [central] Created task task-b4c195cb for agent gsc-agent (Status: QUEUED)
2026-08-14 13:41:40,366 [INFO] [central] Registered agent implementation: gsc-agent
2026-08-14 13:41:40,367 [INFO] [central] Registered agent implementation: internal-linking-agent
2026-08-14 13:41:40,368 [INFO] [central] Registered agent implementation: internal-linking-agent
2026-08-14 13:41:40,383 [INFO] [central] Created task task-fcab27de for agent internal-linking-agent (Status: QUEUED)
2026-08-14 13:41:40,409 [INFO] [central] Registered agent implementation: internal-linking-agent
2026-08-14 13:41:40,411 [INFO] [central] Created task task-d69e51cb for agent internal-linking-agent (Status: QUEUED)
2026-08-14 13:41:40,412 [INFO] [central] Registered agent implementation: internal-linking-agent
2026-08-14 13:41:40,414 [INFO] [central] Registered agent implementation: seo-audit-agent
2026-08-14 13:41:40,416 [INFO] [central] Registered agent implementation: seo-audit-agent
2026-08-14 13:41:40,428 [INFO] [central] Created task task-63a7fe81 for agent seo-audit-agent (Status: QUEUED)
2026-08-14 13:41:40,449 [INFO] [central] Registered agent implementation: seo-audit-agent
2026-08-14 13:41:40,451 [INFO] [central] Created task task-c7aac277 for agent seo-audit-agent (Status: QUEUED)
2026-08-14 13:41:40,451 [INFO] [central] Registered agent implementation: seo-audit-agent
2026-08-14 13:41:40,453 [INFO] [central] Registered agent implementation: seo-content-brief-agent
2026-08-14 13:41:40,453 [INFO] [central] Registered agent implementation: seo-content-brief-agent
2026-08-14 13:41:40,464 [INFO] [central] Created task task-852a3818 for agent seo-content-brief-agent (Status: QUEUED)
2026-08-14 13:41:40,482 [INFO] [central] Registered agent implementation: seo-content-brief-agent
2026-08-14 13:41:40,483 [INFO] [central] Created task task-eb72ade6 for agent seo-content-brief-agent (Status: QUEUED)
2026-08-14 13:41:40,484 [INFO] [central] Registered agent implementation: seo-content-brief-agent
2026-08-14 13:41:40,486 [INFO] [central] Registered agent implementation: seo-keyword-agent
2026-08-14 13:41:40,486 [INFO] [central] Registered agent implementation: seo-keyword-agent
2026-08-14 13:41:40,495 [INFO] [central] Created task task-a830b994 for agent seo-keyword-agent (Status: QUEUED)
2026-08-14 13:41:40,515 [INFO] [central] Registered agent implementation: seo-keyword-agent
2026-08-14 13:41:40,516 [INFO] [central] Created task task-82b766e3 for agent seo-keyword-agent (Status: QUEUED)
2026-08-14 13:41:40,518 [INFO] [central] Registered agent implementation: seo-keyword-agent
2026-08-14 13:41:40,519 [INFO] [central] Registered agent implementation: blog-agent
2026-08-14 13:41:40,520 [INFO] [central] Created task task-47e43d4e for agent blog-agent (Status: QUEUED)
2026-08-14 13:41:47,775 [INFO] [central] Registered agent implementation: blog-agent
2026-08-14 13:41:47,775 [INFO] [central] Created task task-6d99e71e for agent blog-agent (Status: AWAITING_APPROVAL)
2026-08-14 13:41:47,775 [INFO] [central] Task task-6d99e71e approved by admin
2026-08-14 13:41:53,333 [INFO] [central] Registered agent implementation: blog-agent
2026-08-14 13:41:53,333 [INFO] [central] Created task task-059f6dfe for agent blog-agent (Status: AWAITING_APPROVAL)
2026-08-14 13:41:53,334 [INFO] [central] Task task-059f6dfe rejected by manager
2026-08-14 13:42:26,424 [INFO] [central] Registered agent implementation: blog-agent
2026-08-14 13:42:26,424 [INFO] [central] Registered agent implementation: corporate-cars-social-agent
2026-08-14 13:42:26,427 [INFO] [central] Registered agent implementation: seo-keyword-agent
2026-08-14 13:42:26,427 [INFO] [central] Registered agent implementation: competitor-analysis-agent
2026-08-14 13:42:26,428 [INFO] [central] Registered agent implementation: seo-content-brief-agent
2026-08-14 13:42:26,428 [INFO] [central] Registered agent implementation: internal-linking-agent
2026-08-14 13:42:26,428 [INFO] [central] Registered agent implementation: seo-audit-agent
2026-08-14 13:42:26,429 [INFO] [central] Registered agent implementation: gsc-agent
2026-08-14 13:42:26,429 [INFO] [central] Registered agent implementation: ga4-reporting-agent
2026-08-14 13:42:26,429 [INFO] [central] Registered agent implementation: google-ads-monitoring-agent
2026-08-14 13:43:42,081 [INFO] [central] Registered agent implementation: blog-agent
2026-08-14 13:43:42,081 [INFO] [central] Registered agent implementation: corporate-cars-social-agent
2026-08-14 13:43:42,081 [INFO] [central] Registered agent implementation: seo-keyword-agent
2026-08-14 13:43:42,083 [INFO] [central] Registered agent implementation: competitor-analysis-agent
2026-08-14 13:43:42,084 [INFO] [central] Registered agent implementation: seo-content-brief-agent
2026-08-14 13:43:42,084 [INFO] [central] Registered agent implementation: internal-linking-agent
2026-08-14 13:43:42,084 [INFO] [central] Registered agent implementation: seo-audit-agent
2026-08-14 13:43:42,086 [INFO] [central] Registered agent implementation: gsc-agent
2026-08-14 13:43:42,086 [INFO] [central] Registered agent implementation: ga4-reporting-agent
2026-08-14 13:43:42,087 [INFO] [central] Registered agent implementation: google-ads-monitoring-agent
2026-08-14 13:43:42,087 [INFO] [central] Registered agent implementation: google-ads-optimization-agent
2026-08-14 13:43:42,277 [INFO] [central] Registered agent implementation: competitor-analysis-agent
2026-08-14 13:43:42,278 [INFO] [central] Registered agent implementation: competitor-analysis-agent
2026-08-14 13:43:42,312 [INFO] [central] Created task task-729bc53f for agent competitor-analysis-agent (Status: QUEUED)
2026-08-14 13:43:42,336 [INFO] [central] Registered agent implementation: competitor-analysis-agent
2026-08-14 13:43:42,337 [INFO] [central] Created task task-fa3cbd8a for agent competitor-analysis-agent (Status: QUEUED)
2026-08-14 13:43:42,339 [INFO] [central] Registered agent implementation: competitor-analysis-agent
2026-08-14 13:43:42,379 [INFO] [central] Created task task-c6486e66 for agent blog-agent (Status: AWAITING_APPROVAL)
2026-08-14 13:43:42,401 [INFO] [central] Task task-c6486e66 approved by test_admin
2026-08-14 13:43:42,412 [INFO] [central] Created task task-3cf056ab for agent blog-agent (Status: QUEUED)
2026-08-14 13:43:50,349 [INFO] [central] Registered agent implementation: ga4-reporting-agent
2026-08-14 13:43:50,351 [INFO] [central] Registered agent implementation: ga4-reporting-agent
2026-08-14 13:43:50,358 [INFO] [central] Created task task-6d2ecfb9 for agent ga4-reporting-agent (Status: QUEUED)
2026-08-14 13:43:50,379 [INFO] [central] Registered agent implementation: ga4-reporting-agent
2026-08-14 13:43:50,380 [INFO] [central] Created task task-b8d06761 for agent ga4-reporting-agent (Status: QUEUED)
2026-08-14 13:43:50,381 [INFO] [central] Registered agent implementation: ga4-reporting-agent
2026-08-14 13:43:50,382 [INFO] [central] Registered agent implementation: google-ads-monitoring-agent
2026-08-14 13:43:50,383 [INFO] [central] Registered agent implementation: google-ads-monitoring-agent
2026-08-14 13:43:50,393 [INFO] [central] Created task task-0a03a866 for agent google-ads-monitoring-agent (Status: QUEUED)
2026-08-14 13:43:50,411 [INFO] [central] Registered agent implementation: google-ads-monitoring-agent
2026-08-14 13:43:50,412 [INFO] [central] Created task task-da63c301 for agent google-ads-monitoring-agent (Status: QUEUED)
2026-08-14 13:43:50,414 [INFO] [central] Registered agent implementation: google-ads-monitoring-agent
2026-08-14 13:43:50,416 [INFO] [central] Registered agent implementation: google-ads-monitoring-agent
2026-08-14 13:43:50,418 [INFO] [central] Registered agent implementation: google-ads-optimization-agent
2026-08-14 13:43:50,421 [INFO] [central] Registered agent implementation: google-ads-optimization-agent
2026-08-14 13:43:50,428 [INFO] [central] Created task task-a9f63d4e for agent google-ads-optimization-agent (Status: QUEUED)
2026-08-14 13:43:50,447 [INFO] [central] Registered agent implementation: google-ads-optimization-agent
2026-08-14 13:43:50,447 [INFO] [central] Created task task-7f2baa67 for agent google-ads-optimization-agent (Status: QUEUED)
2026-08-14 13:43:50,454 [INFO] [central] Registered agent implementation: google-ads-optimization-agent
2026-08-14 13:43:50,456 [INFO] [central] Registered agent implementation: gsc-agent
2026-08-14 13:43:50,456 [INFO] [central] Registered agent implementation: gsc-agent
2026-08-14 13:43:50,465 [INFO] [central] Created task task-613ba78a for agent gsc-agent (Status: QUEUED)
2026-08-14 13:43:50,487 [INFO] [central] Registered agent implementation: gsc-agent
2026-08-14 13:43:50,488 [INFO] [central] Created task task-4c986e94 for agent gsc-agent (Status: QUEUED)
2026-08-14 13:43:50,489 [INFO] [central] Registered agent implementation: gsc-agent
2026-08-14 13:43:50,492 [INFO] [central] Registered agent implementation: internal-linking-agent
2026-08-14 13:43:50,493 [INFO] [central] Registered agent implementation: internal-linking-agent
2026-08-14 13:43:50,503 [INFO] [central] Created task task-7d0fe90e for agent internal-linking-agent (Status: QUEUED)
2026-08-14 13:43:50,526 [INFO] [central] Registered agent implementation: internal-linking-agent
2026-08-14 13:43:50,527 [INFO] [central] Created task task-9a96edfd for agent internal-linking-agent (Status: QUEUED)
2026-08-14 13:43:50,529 [INFO] [central] Registered agent implementation: internal-linking-agent
2026-08-14 13:43:50,531 [INFO] [central] Registered agent implementation: seo-audit-agent
2026-08-14 13:43:50,532 [INFO] [central] Registered agent implementation: seo-audit-agent
2026-08-14 13:43:50,541 [INFO] [central] Created task task-7e51c6cf for agent seo-audit-agent (Status: QUEUED)
2026-08-14 13:43:50,557 [INFO] [central] Registered agent implementation: seo-audit-agent
2026-08-14 13:43:50,558 [INFO] [central] Created task task-9a73a63c for agent seo-audit-agent (Status: QUEUED)
2026-08-14 13:43:50,560 [INFO] [central] Registered agent implementation: seo-audit-agent
2026-08-14 13:43:50,562 [INFO] [central] Registered agent implementation: seo-content-brief-agent
2026-08-14 13:43:50,562 [INFO] [central] Registered agent implementation: seo-content-brief-agent
2026-08-14 13:43:50,573 [INFO] [central] Created task task-7c759ebd for agent seo-content-brief-agent (Status: QUEUED)
2026-08-14 13:43:50,589 [INFO] [central] Registered agent implementation: seo-content-brief-agent
2026-08-14 13:43:50,589 [INFO] [central] Created task task-c5579673 for agent seo-content-brief-agent (Status: QUEUED)
2026-08-14 13:43:50,591 [INFO] [central] Registered agent implementation: seo-content-brief-agent
2026-08-14 13:43:50,592 [INFO] [central] Registered agent implementation: seo-keyword-agent
2026-08-14 13:43:50,592 [INFO] [central] Registered agent implementation: seo-keyword-agent
2026-08-14 13:43:50,599 [INFO] [central] Created task task-87bc8277 for agent seo-keyword-agent (Status: QUEUED)
2026-08-14 13:43:50,615 [INFO] [central] Registered agent implementation: seo-keyword-agent
2026-08-14 13:43:50,617 [INFO] [central] Created task task-52c57616 for agent seo-keyword-agent (Status: QUEUED)
2026-08-14 13:43:50,620 [INFO] [central] Registered agent implementation: seo-keyword-agent
2026-08-14 13:43:50,621 [INFO] [central] Registered agent implementation: blog-agent
2026-08-14 13:43:50,622 [INFO] [central] Created task task-cfe0f719 for agent blog-agent (Status: QUEUED)
2026-08-14 13:43:55,791 [INFO] [central] Registered agent implementation: blog-agent
2026-08-14 13:43:55,791 [INFO] [central] Created task task-871a4b3d for agent blog-agent (Status: AWAITING_APPROVAL)
2026-08-14 13:43:55,792 [INFO] [central] Task task-871a4b3d approved by admin
2026-08-14 13:44:01,371 [INFO] [central] Registered agent implementation: blog-agent
2026-08-14 13:44:01,375 [INFO] [central] Created task task-4bfba2d2 for agent blog-agent (Status: AWAITING_APPROVAL)
2026-08-14 13:44:01,375 [INFO] [central] Task task-4bfba2d2 rejected by manager
2026-08-14 13:44:54,627 [INFO] [central] Registered agent implementation: blog-agent
2026-08-14 13:44:54,627 [INFO] [central] Registered agent implementation: corporate-cars-social-agent
2026-08-14 13:44:54,627 [INFO] [central] Registered agent implementation: seo-keyword-agent
2026-08-14 13:44:54,627 [INFO] [central] Registered agent implementation: competitor-analysis-agent
2026-08-14 13:44:54,627 [INFO] [central] Registered agent implementation: seo-content-brief-agent
2026-08-14 13:44:54,627 [INFO] [central] Registered agent implementation: internal-linking-agent
2026-08-14 13:44:54,627 [INFO] [central] Registered agent implementation: seo-audit-agent
2026-08-14 13:44:54,634 [INFO] [central] Registered agent implementation: gsc-agent
2026-08-14 13:44:54,634 [INFO] [central] Registered agent implementation: ga4-reporting-agent
2026-08-14 13:44:54,634 [INFO] [central] Registered agent implementation: google-ads-monitoring-agent
2026-08-14 13:44:54,634 [INFO] [central] Registered agent implementation: google-ads-optimization-agent
2026-08-14 13:46:17,553 [INFO] [central] Registered agent implementation: blog-agent
2026-08-14 13:46:17,553 [INFO] [central] Registered agent implementation: corporate-cars-social-agent
2026-08-14 13:46:17,556 [INFO] [central] Registered agent implementation: seo-keyword-agent
2026-08-14 13:46:17,556 [INFO] [central] Registered agent implementation: competitor-analysis-agent
2026-08-14 13:46:17,556 [INFO] [central] Registered agent implementation: seo-content-brief-agent
2026-08-14 13:46:17,556 [INFO] [central] Registered agent implementation: internal-linking-agent
2026-08-14 13:46:17,556 [INFO] [central] Registered agent implementation: seo-audit-agent
2026-08-14 13:46:17,557 [INFO] [central] Registered agent implementation: gsc-agent
2026-08-14 13:46:17,557 [INFO] [central] Registered agent implementation: ga4-reporting-agent
2026-08-14 13:46:17,557 [INFO] [central] Registered agent implementation: google-ads-monitoring-agent
2026-08-14 13:46:17,557 [INFO] [central] Registered agent implementation: google-ads-optimization-agent
2026-08-14 13:46:17,557 [INFO] [central] Registered agent implementation: meta-ads-monitoring-agent
2026-08-14 13:46:17,733 [INFO] [central] Registered agent implementation: competitor-analysis-agent
2026-08-14 13:46:17,735 [INFO] [central] Registered agent implementation: competitor-analysis-agent
2026-08-14 13:46:17,763 [INFO] [central] Created task task-10554e4e for agent competitor-analysis-agent (Status: QUEUED)
2026-08-14 13:46:17,785 [INFO] [central] Registered agent implementation: competitor-analysis-agent
2026-08-14 13:46:17,786 [INFO] [central] Created task task-b22ab95b for agent competitor-analysis-agent (Status: QUEUED)
2026-08-14 13:46:17,787 [INFO] [central] Registered agent implementation: competitor-analysis-agent
2026-08-14 13:46:17,833 [INFO] [central] Created task task-27271b7f for agent blog-agent (Status: AWAITING_APPROVAL)
2026-08-14 13:46:17,850 [INFO] [central] Task task-27271b7f approved by test_admin
2026-08-14 13:46:17,865 [INFO] [central] Created task task-1a0ba509 for agent blog-agent (Status: QUEUED)
2026-08-14 13:46:25,567 [INFO] [central] Registered agent implementation: ga4-reporting-agent
2026-08-14 13:46:25,568 [INFO] [central] Registered agent implementation: ga4-reporting-agent
2026-08-14 13:46:25,585 [INFO] [central] Created task task-ab89210e for agent ga4-reporting-agent (Status: QUEUED)
2026-08-14 13:46:25,604 [INFO] [central] Registered agent implementation: ga4-reporting-agent
2026-08-14 13:46:25,606 [INFO] [central] Created task task-5ccced85 for agent ga4-reporting-agent (Status: QUEUED)
2026-08-14 13:46:25,607 [INFO] [central] Registered agent implementation: ga4-reporting-agent
2026-08-14 13:46:25,608 [INFO] [central] Registered agent implementation: google-ads-monitoring-agent
2026-08-14 13:46:25,609 [INFO] [central] Registered agent implementation: google-ads-monitoring-agent
2026-08-14 13:46:25,618 [INFO] [central] Created task task-ef5aec8e for agent google-ads-monitoring-agent (Status: QUEUED)
2026-08-14 13:46:25,639 [INFO] [central] Registered agent implementation: google-ads-monitoring-agent
2026-08-14 13:46:25,641 [INFO] [central] Created task task-082861c8 for agent google-ads-monitoring-agent (Status: QUEUED)
2026-08-14 13:46:25,642 [INFO] [central] Registered agent implementation: google-ads-monitoring-agent
2026-08-14 13:46:25,643 [INFO] [central] Registered agent implementation: google-ads-monitoring-agent
2026-08-14 13:46:25,647 [INFO] [central] Registered agent implementation: google-ads-optimization-agent
2026-08-14 13:46:25,647 [INFO] [central] Registered agent implementation: google-ads-optimization-agent
2026-08-14 13:46:25,657 [INFO] [central] Created task task-428868b3 for agent google-ads-optimization-agent (Status: QUEUED)
2026-08-14 13:46:25,676 [INFO] [central] Registered agent implementation: google-ads-optimization-agent
2026-08-14 13:46:25,677 [INFO] [central] Created task task-dc20a97f for agent google-ads-optimization-agent (Status: QUEUED)
2026-08-14 13:46:25,678 [INFO] [central] Registered agent implementation: google-ads-optimization-agent
2026-08-14 13:46:25,680 [INFO] [central] Registered agent implementation: gsc-agent
2026-08-14 13:46:25,681 [INFO] [central] Registered agent implementation: gsc-agent
2026-08-14 13:46:25,689 [INFO] [central] Created task task-2f6588dd for agent gsc-agent (Status: QUEUED)
2026-08-14 13:46:25,707 [INFO] [central] Registered agent implementation: gsc-agent
2026-08-14 13:46:25,709 [INFO] [central] Created task task-b511e4dd for agent gsc-agent (Status: QUEUED)
2026-08-14 13:46:25,710 [INFO] [central] Registered agent implementation: gsc-agent
2026-08-14 13:46:25,711 [INFO] [central] Registered agent implementation: internal-linking-agent
2026-08-14 13:46:25,714 [INFO] [central] Registered agent implementation: internal-linking-agent
2026-08-14 13:46:25,721 [INFO] [central] Created task task-9cb2f5f9 for agent internal-linking-agent (Status: QUEUED)
2026-08-14 13:46:25,741 [INFO] [central] Registered agent implementation: internal-linking-agent
2026-08-14 13:46:25,742 [INFO] [central] Created task task-79dcf246 for agent internal-linking-agent (Status: QUEUED)
2026-08-14 13:46:25,743 [INFO] [central] Registered agent implementation: internal-linking-agent
2026-08-14 13:46:25,744 [INFO] [central] Registered agent implementation: meta-ads-monitoring-agent
2026-08-14 13:46:25,749 [INFO] [central] Registered agent implementation: meta-ads-monitoring-agent
2026-08-14 13:46:25,759 [INFO] [central] Created task task-6941cc15 for agent meta-ads-monitoring-agent (Status: QUEUED)
2026-08-14 13:46:25,779 [INFO] [central] Registered agent implementation: meta-ads-monitoring-agent
2026-08-14 13:46:25,781 [INFO] [central] Created task task-8d382718 for agent meta-ads-monitoring-agent (Status: QUEUED)
2026-08-14 13:46:25,783 [INFO] [central] Registered agent implementation: meta-ads-monitoring-agent
2026-08-14 13:46:25,785 [INFO] [central] Registered agent implementation: meta-ads-monitoring-agent
2026-08-14 13:46:25,788 [INFO] [central] Registered agent implementation: seo-audit-agent
2026-08-14 13:46:25,789 [INFO] [central] Registered agent implementation: seo-audit-agent
2026-08-14 13:46:25,797 [INFO] [central] Created task task-08f4c4f1 for agent seo-audit-agent (Status: QUEUED)
2026-08-14 13:46:25,815 [INFO] [central] Registered agent implementation: seo-audit-agent
2026-08-14 13:46:25,816 [INFO] [central] Created task task-860c87ab for agent seo-audit-agent (Status: QUEUED)
2026-08-14 13:46:25,818 [INFO] [central] Registered agent implementation: seo-audit-agent
2026-08-14 13:46:25,819 [INFO] [central] Registered agent implementation: seo-content-brief-agent
2026-08-14 13:46:25,820 [INFO] [central] Registered agent implementation: seo-content-brief-agent
2026-08-14 13:46:25,827 [INFO] [central] Created task task-28b60682 for agent seo-content-brief-agent (Status: QUEUED)
2026-08-14 13:46:25,847 [INFO] [central] Registered agent implementation: seo-content-brief-agent
2026-08-14 13:46:25,848 [INFO] [central] Created task task-c714f2ec for agent seo-content-brief-agent (Status: QUEUED)
2026-08-14 13:46:25,850 [INFO] [central] Registered agent implementation: seo-content-brief-agent
2026-08-14 13:46:25,852 [INFO] [central] Registered agent implementation: seo-keyword-agent
2026-08-14 13:46:25,852 [INFO] [central] Registered agent implementation: seo-keyword-agent
2026-08-14 13:46:25,859 [INFO] [central] Created task task-2fc52328 for agent seo-keyword-agent (Status: QUEUED)
2026-08-14 13:46:25,879 [INFO] [central] Registered agent implementation: seo-keyword-agent
2026-08-14 13:46:25,882 [INFO] [central] Created task task-4814c3a8 for agent seo-keyword-agent (Status: QUEUED)
2026-08-14 13:46:25,884 [INFO] [central] Registered agent implementation: seo-keyword-agent
2026-08-14 13:46:25,885 [INFO] [central] Registered agent implementation: blog-agent
2026-08-14 13:46:25,885 [INFO] [central] Created task task-28bd624c for agent blog-agent (Status: QUEUED)
2026-08-14 13:46:31,254 [INFO] [central] Registered agent implementation: blog-agent
2026-08-14 13:46:31,254 [INFO] [central] Created task task-507919e6 for agent blog-agent (Status: AWAITING_APPROVAL)
2026-08-14 13:46:31,254 [INFO] [central] Task task-507919e6 approved by admin
2026-08-14 13:46:36,418 [INFO] [central] Registered agent implementation: blog-agent
2026-08-14 13:46:36,418 [INFO] [central] Created task task-e8590215 for agent blog-agent (Status: AWAITING_APPROVAL)
2026-08-14 13:46:36,419 [INFO] [central] Task task-e8590215 rejected by manager
2026-08-14 13:47:22,069 [INFO] [central] Registered agent implementation: blog-agent
2026-08-14 13:47:22,069 [INFO] [central] Registered agent implementation: corporate-cars-social-agent
2026-08-14 13:47:22,071 [INFO] [central] Registered agent implementation: seo-keyword-agent
2026-08-14 13:47:22,072 [INFO] [central] Registered agent implementation: competitor-analysis-agent
2026-08-14 13:47:22,072 [INFO] [central] Registered agent implementation: seo-content-brief-agent
2026-08-14 13:47:22,072 [INFO] [central] Registered agent implementation: internal-linking-agent
2026-08-14 13:47:22,072 [INFO] [central] Registered agent implementation: seo-audit-agent
2026-08-14 13:47:22,072 [INFO] [central] Registered agent implementation: gsc-agent
2026-08-14 13:47:22,072 [INFO] [central] Registered agent implementation: ga4-reporting-agent
2026-08-14 13:47:22,072 [INFO] [central] Registered agent implementation: google-ads-monitoring-agent
2026-08-14 13:47:22,073 [INFO] [central] Registered agent implementation: google-ads-optimization-agent
2026-08-14 13:47:22,073 [INFO] [central] Registered agent implementation: meta-ads-monitoring-agent
2026-08-14 13:48:46,857 [INFO] [central] Registered agent implementation: blog-agent
2026-08-14 13:48:46,860 [INFO] [central] Registered agent implementation: corporate-cars-social-agent
2026-08-14 13:48:46,860 [INFO] [central] Registered agent implementation: seo-keyword-agent
2026-08-14 13:48:46,860 [INFO] [central] Registered agent implementation: competitor-analysis-agent
2026-08-14 13:48:46,860 [INFO] [central] Registered agent implementation: seo-content-brief-agent
2026-08-14 13:48:46,860 [INFO] [central] Registered agent implementation: internal-linking-agent
2026-08-14 13:48:46,860 [INFO] [central] Registered agent implementation: seo-audit-agent
2026-08-14 13:48:46,861 [INFO] [central] Registered agent implementation: gsc-agent
2026-08-14 13:48:46,861 [INFO] [central] Registered agent implementation: ga4-reporting-agent
2026-08-14 13:48:46,861 [INFO] [central] Registered agent implementation: google-ads-monitoring-agent
2026-08-14 13:48:46,861 [INFO] [central] Registered agent implementation: google-ads-optimization-agent
2026-08-14 13:48:46,861 [INFO] [central] Registered agent implementation: meta-ads-monitoring-agent
2026-08-14 13:48:46,862 [INFO] [central] Registered agent implementation: social-analytics-agent
2026-08-14 13:48:47,083 [INFO] [central] Registered agent implementation: competitor-analysis-agent
2026-08-14 13:48:47,084 [INFO] [central] Registered agent implementation: competitor-analysis-agent
2026-08-14 13:48:47,115 [INFO] [central] Created task task-dce35b46 for agent competitor-analysis-agent (Status: QUEUED)
2026-08-14 13:48:47,144 [INFO] [central] Registered agent implementation: competitor-analysis-agent
2026-08-14 13:48:47,146 [INFO] [central] Created task task-527d776b for agent competitor-analysis-agent (Status: QUEUED)
2026-08-14 13:48:47,147 [INFO] [central] Registered agent implementation: competitor-analysis-agent
2026-08-14 13:48:47,190 [INFO] [central] Created task task-6a5c82de for agent blog-agent (Status: AWAITING_APPROVAL)
2026-08-14 13:48:47,215 [INFO] [central] Task task-6a5c82de approved by test_admin
2026-08-14 13:48:47,230 [INFO] [central] Created task task-77e2321c for agent blog-agent (Status: QUEUED)
2026-08-14 13:48:54,850 [INFO] [central] Registered agent implementation: ga4-reporting-agent
2026-08-14 13:48:54,851 [INFO] [central] Registered agent implementation: ga4-reporting-agent
2026-08-14 13:48:54,860 [INFO] [central] Created task task-92b45ecd for agent ga4-reporting-agent (Status: QUEUED)
2026-08-14 13:48:54,881 [INFO] [central] Registered agent implementation: ga4-reporting-agent
2026-08-14 13:48:54,883 [INFO] [central] Created task task-e5998829 for agent ga4-reporting-agent (Status: QUEUED)
2026-08-14 13:48:54,884 [INFO] [central] Registered agent implementation: ga4-reporting-agent
2026-08-14 13:48:54,885 [INFO] [central] Registered agent implementation: google-ads-monitoring-agent
2026-08-14 13:48:54,886 [INFO] [central] Registered agent implementation: google-ads-monitoring-agent
2026-08-14 13:48:54,896 [INFO] [central] Created task task-34190bd0 for agent google-ads-monitoring-agent (Status: QUEUED)
2026-08-14 13:48:54,913 [INFO] [central] Registered agent implementation: google-ads-monitoring-agent
2026-08-14 13:48:54,913 [INFO] [central] Created task task-d129b418 for agent google-ads-monitoring-agent (Status: QUEUED)
2026-08-14 13:48:54,913 [INFO] [central] Registered agent implementation: google-ads-monitoring-agent
2026-08-14 13:48:54,913 [INFO] [central] Registered agent implementation: google-ads-monitoring-agent
2026-08-14 13:48:54,913 [INFO] [central] Registered agent implementation: google-ads-optimization-agent
2026-08-14 13:48:54,913 [INFO] [central] Registered agent implementation: google-ads-optimization-agent
2026-08-14 13:48:54,929 [INFO] [central] Created task task-7b4ffe5c for agent google-ads-optimization-agent (Status: QUEUED)
2026-08-14 13:48:54,946 [INFO] [central] Registered agent implementation: google-ads-optimization-agent
2026-08-14 13:48:54,946 [INFO] [central] Created task task-08c05db9 for agent google-ads-optimization-agent (Status: QUEUED)
2026-08-14 13:48:54,949 [INFO] [central] Registered agent implementation: google-ads-optimization-agent
2026-08-14 13:48:54,949 [INFO] [central] Registered agent implementation: gsc-agent
2026-08-14 13:48:54,951 [INFO] [central] Registered agent implementation: gsc-agent
2026-08-14 13:48:54,964 [INFO] [central] Created task task-59fa4364 for agent gsc-agent (Status: QUEUED)
2026-08-14 13:48:54,981 [INFO] [central] Registered agent implementation: gsc-agent
2026-08-14 13:48:54,983 [INFO] [central] Created task task-7e0ee7d7 for agent gsc-agent (Status: QUEUED)
2026-08-14 13:48:54,984 [INFO] [central] Registered agent implementation: gsc-agent
2026-08-14 13:48:54,987 [INFO] [central] Registered agent implementation: internal-linking-agent
2026-08-14 13:48:54,987 [INFO] [central] Registered agent implementation: internal-linking-agent
2026-08-14 13:48:54,996 [INFO] [central] Created task task-783fb272 for agent internal-linking-agent (Status: QUEUED)
2026-08-14 13:48:55,014 [INFO] [central] Registered agent implementation: internal-linking-agent
2026-08-14 13:48:55,014 [INFO] [central] Created task task-9f29145f for agent internal-linking-agent (Status: QUEUED)
2026-08-14 13:48:55,015 [INFO] [central] Registered agent implementation: internal-linking-agent
2026-08-14 13:48:55,019 [INFO] [central] Registered agent implementation: meta-ads-monitoring-agent
2026-08-14 13:48:55,020 [INFO] [central] Registered agent implementation: meta-ads-monitoring-agent
2026-08-14 13:48:55,030 [INFO] [central] Created task task-af269a1f for agent meta-ads-monitoring-agent (Status: QUEUED)
2026-08-14 13:48:55,045 [INFO] [central] Registered agent implementation: meta-ads-monitoring-agent
2026-08-14 13:48:55,046 [INFO] [central] Created task task-7b2437dd for agent meta-ads-monitoring-agent (Status: QUEUED)
2026-08-14 13:48:55,048 [INFO] [central] Registered agent implementation: meta-ads-monitoring-agent
2026-08-14 13:48:55,049 [INFO] [central] Registered agent implementation: meta-ads-monitoring-agent
2026-08-14 13:48:55,051 [INFO] [central] Registered agent implementation: seo-audit-agent
2026-08-14 13:48:55,052 [INFO] [central] Registered agent implementation: seo-audit-agent
2026-08-14 13:48:55,062 [INFO] [central] Created task task-9a50a673 for agent seo-audit-agent (Status: QUEUED)
2026-08-14 13:48:55,079 [INFO] [central] Registered agent implementation: seo-audit-agent
2026-08-14 13:48:55,082 [INFO] [central] Created task task-b852d08d for agent seo-audit-agent (Status: QUEUED)
2026-08-14 13:48:55,082 [INFO] [central] Registered agent implementation: seo-audit-agent
2026-08-14 13:48:55,082 [INFO] [central] Registered agent implementation: seo-content-brief-agent
2026-08-14 13:48:55,082 [INFO] [central] Registered agent implementation: seo-content-brief-agent
2026-08-14 13:48:55,094 [INFO] [central] Created task task-dfa90cf7 for agent seo-content-brief-agent (Status: QUEUED)
2026-08-14 13:48:55,112 [INFO] [central] Registered agent implementation: seo-content-brief-agent
2026-08-14 13:48:55,112 [INFO] [central] Created task task-ad07eddf for agent seo-content-brief-agent (Status: QUEUED)
2026-08-14 13:48:55,114 [INFO] [central] Registered agent implementation: seo-content-brief-agent
2026-08-14 13:48:55,115 [INFO] [central] Registered agent implementation: seo-keyword-agent
2026-08-14 13:48:55,116 [INFO] [central] Registered agent implementation: seo-keyword-agent
2026-08-14 13:48:55,125 [INFO] [central] Created task task-5665a744 for agent seo-keyword-agent (Status: QUEUED)
2026-08-14 13:48:55,141 [INFO] [central] Registered agent implementation: seo-keyword-agent
2026-08-14 13:48:55,142 [INFO] [central] Created task task-b12caa82 for agent seo-keyword-agent (Status: QUEUED)
2026-08-14 13:48:55,144 [INFO] [central] Registered agent implementation: seo-keyword-agent
2026-08-14 13:48:55,145 [INFO] [central] Registered agent implementation: social-analytics-agent
2026-08-14 13:48:55,146 [INFO] [central] Registered agent implementation: social-analytics-agent
2026-08-14 13:48:55,153 [INFO] [central] Created task task-51fa3032 for agent social-analytics-agent (Status: QUEUED)
2026-08-14 13:48:55,177 [INFO] [central] Registered agent implementation: social-analytics-agent
2026-08-14 13:48:55,178 [INFO] [central] Created task task-e94f26ee for agent social-analytics-agent (Status: QUEUED)
2026-08-14 13:48:55,180 [INFO] [central] Registered agent implementation: social-analytics-agent
2026-08-14 13:48:55,182 [INFO] [central] Registered agent implementation: blog-agent
2026-08-14 13:48:55,183 [INFO] [central] Created task task-49d46cc7 for agent blog-agent (Status: QUEUED)
2026-08-14 13:49:00,533 [INFO] [central] Registered agent implementation: blog-agent
2026-08-14 13:49:00,534 [INFO] [central] Created task task-b6d143a6 for agent blog-agent (Status: AWAITING_APPROVAL)
2026-08-14 13:49:00,534 [INFO] [central] Task task-b6d143a6 approved by admin
2026-08-14 13:49:06,233 [INFO] [central] Registered agent implementation: blog-agent
2026-08-14 13:49:06,233 [INFO] [central] Created task task-d2a5e6c5 for agent blog-agent (Status: AWAITING_APPROVAL)
2026-08-14 13:49:06,234 [INFO] [central] Task task-d2a5e6c5 rejected by manager
2026-08-14 13:49:34,418 [INFO] [central] Registered agent implementation: blog-agent
2026-08-14 13:49:34,418 [INFO] [central] Registered agent implementation: corporate-cars-social-agent
2026-08-14 13:49:34,419 [INFO] [central] Registered agent implementation: seo-keyword-agent
2026-08-14 13:49:34,419 [INFO] [central] Registered agent implementation: competitor-analysis-agent
2026-08-14 13:49:34,420 [INFO] [central] Registered agent implementation: seo-content-brief-agent
2026-08-14 13:49:34,420 [INFO] [central] Registered agent implementation: internal-linking-agent
2026-08-14 13:49:34,420 [INFO] [central] Registered agent implementation: seo-audit-agent
2026-08-14 13:49:34,420 [INFO] [central] Registered agent implementation: gsc-agent
2026-08-14 13:49:34,421 [INFO] [central] Registered agent implementation: ga4-reporting-agent
2026-08-14 13:49:34,421 [INFO] [central] Registered agent implementation: google-ads-monitoring-agent
2026-08-14 13:49:34,421 [INFO] [central] Registered agent implementation: google-ads-optimization-agent
2026-08-14 13:49:34,421 [INFO] [central] Registered agent implementation: meta-ads-monitoring-agent
2026-08-14 13:49:34,421 [INFO] [central] Registered agent implementation: social-analytics-agent
2026-08-14 14:40:03,958 [INFO] [central] Registered agent implementation: blog-agent
2026-08-14 14:40:03,961 [INFO] [central] Registered agent implementation: corporate-cars-social-agent
2026-08-14 14:40:03,961 [INFO] [central] Registered agent implementation: seo-keyword-agent
2026-08-14 14:40:03,961 [INFO] [central] Registered agent implementation: competitor-analysis-agent
2026-08-14 14:40:03,961 [INFO] [central] Registered agent implementation: seo-content-brief-agent
2026-08-14 14:40:03,961 [INFO] [central] Registered agent implementation: internal-linking-agent
2026-08-14 14:40:03,961 [INFO] [central] Registered agent implementation: seo-audit-agent
2026-08-14 14:40:03,961 [INFO] [central] Registered agent implementation: gsc-agent
2026-08-14 14:40:03,961 [INFO] [central] Registered agent implementation: ga4-reporting-agent
2026-08-14 14:40:03,961 [INFO] [central] Registered agent implementation: google-ads-monitoring-agent
2026-08-14 14:40:03,961 [INFO] [central] Registered agent implementation: google-ads-optimization-agent
2026-08-14 14:40:03,961 [INFO] [central] Registered agent implementation: meta-ads-monitoring-agent
2026-08-14 14:40:03,967 [INFO] [central] Registered agent implementation: social-analytics-agent
2026-08-14 14:40:03,967 [INFO] [central] Registered agent implementation: reputation-agent
2026-08-14 14:40:04,219 [INFO] [central] Registered agent implementation: competitor-analysis-agent
2026-08-14 14:40:04,220 [INFO] [central] Registered agent implementation: competitor-analysis-agent
2026-08-14 14:40:04,263 [INFO] [central] Created task task-87f441ba for agent competitor-analysis-agent (Status: QUEUED)
2026-08-14 14:40:04,293 [INFO] [central] Registered agent implementation: competitor-analysis-agent
2026-08-14 14:40:04,294 [INFO] [central] Created task task-2a132414 for agent competitor-analysis-agent (Status: QUEUED)
2026-08-14 14:40:04,296 [INFO] [central] Registered agent implementation: competitor-analysis-agent
2026-08-14 14:40:04,340 [INFO] [central] Created task task-33dc5061 for agent blog-agent (Status: AWAITING_APPROVAL)
2026-08-14 14:40:04,357 [INFO] [central] Task task-33dc5061 approved by test_admin
2026-08-14 14:40:04,375 [INFO] [central] Created task task-acdf9521 for agent blog-agent (Status: QUEUED)
2026-08-14 14:40:17,818 [INFO] [central] Registered agent implementation: ga4-reporting-agent
2026-08-14 14:40:17,821 [INFO] [central] Registered agent implementation: ga4-reporting-agent
2026-08-14 14:40:17,830 [INFO] [central] Created task task-4d66c0ec for agent ga4-reporting-agent (Status: QUEUED)
2026-08-14 14:40:17,851 [INFO] [central] Registered agent implementation: ga4-reporting-agent
2026-08-14 14:40:17,853 [INFO] [central] Created task task-8d387609 for agent ga4-reporting-agent (Status: QUEUED)
2026-08-14 14:40:17,854 [INFO] [central] Registered agent implementation: ga4-reporting-agent
2026-08-14 14:40:17,856 [INFO] [central] Registered agent implementation: google-ads-monitoring-agent
2026-08-14 14:40:17,857 [INFO] [central] Registered agent implementation: google-ads-monitoring-agent
2026-08-14 14:40:17,864 [INFO] [central] Created task task-7ef4b2db for agent google-ads-monitoring-agent (Status: QUEUED)
2026-08-14 14:40:17,882 [INFO] [central] Registered agent implementation: google-ads-monitoring-agent
2026-08-14 14:40:17,885 [INFO] [central] Created task task-e904b162 for agent google-ads-monitoring-agent (Status: QUEUED)
2026-08-14 14:40:17,888 [INFO] [central] Registered agent implementation: google-ads-monitoring-agent
2026-08-14 14:40:17,889 [INFO] [central] Registered agent implementation: google-ads-monitoring-agent
2026-08-14 14:40:17,891 [INFO] [central] Registered agent implementation: google-ads-optimization-agent
2026-08-14 14:40:17,892 [INFO] [central] Registered agent implementation: google-ads-optimization-agent
2026-08-14 14:40:17,898 [INFO] [central] Created task task-e6957774 for agent google-ads-optimization-agent (Status: QUEUED)
2026-08-14 14:40:17,916 [INFO] [central] Registered agent implementation: google-ads-optimization-agent
2026-08-14 14:40:17,918 [INFO] [central] Created task task-ab4a106a for agent google-ads-optimization-agent (Status: QUEUED)
2026-08-14 14:40:17,920 [INFO] [central] Registered agent implementation: google-ads-optimization-agent
2026-08-14 14:40:17,921 [INFO] [central] Registered agent implementation: gsc-agent
2026-08-14 14:40:17,922 [INFO] [central] Registered agent implementation: gsc-agent
2026-08-14 14:40:17,928 [INFO] [central] Created task task-ea4cd9e7 for agent gsc-agent (Status: QUEUED)
2026-08-14 14:40:17,944 [INFO] [central] Registered agent implementation: gsc-agent
2026-08-14 14:40:17,945 [INFO] [central] Created task task-8965c15e for agent gsc-agent (Status: QUEUED)
2026-08-14 14:40:17,947 [INFO] [central] Registered agent implementation: gsc-agent
2026-08-14 14:40:17,948 [INFO] [central] Registered agent implementation: internal-linking-agent
2026-08-14 14:40:17,949 [INFO] [central] Registered agent implementation: internal-linking-agent
2026-08-14 14:40:17,958 [INFO] [central] Created task task-7f82e6a4 for agent internal-linking-agent (Status: QUEUED)
2026-08-14 14:40:17,974 [INFO] [central] Registered agent implementation: internal-linking-agent
2026-08-14 14:40:17,974 [INFO] [central] Created task task-19411eb4 for agent internal-linking-agent (Status: QUEUED)
2026-08-14 14:40:17,975 [INFO] [central] Registered agent implementation: internal-linking-agent
2026-08-14 14:40:17,976 [INFO] [central] Registered agent implementation: meta-ads-monitoring-agent
2026-08-14 14:40:17,977 [INFO] [central] Registered agent implementation: meta-ads-monitoring-agent
2026-08-14 14:40:17,983 [INFO] [central] Created task task-b26fb000 for agent meta-ads-monitoring-agent (Status: QUEUED)
2026-08-14 14:40:18,005 [INFO] [central] Registered agent implementation: meta-ads-monitoring-agent
2026-08-14 14:40:18,006 [INFO] [central] Created task task-608eec26 for agent meta-ads-monitoring-agent (Status: QUEUED)
2026-08-14 14:40:18,008 [INFO] [central] Registered agent implementation: meta-ads-monitoring-agent
2026-08-14 14:40:18,009 [INFO] [central] Registered agent implementation: meta-ads-monitoring-agent
2026-08-14 14:40:18,010 [INFO] [central] Registered agent implementation: reputation-agent
2026-08-14 14:40:18,011 [INFO] [central] Registered agent implementation: reputation-agent
2026-08-14 14:40:18,022 [INFO] [central] Created task task-d236466d for agent reputation-agent (Status: QUEUED)
2026-08-14 14:40:18,037 [INFO] [central] Registered agent implementation: reputation-agent
2026-08-14 14:40:18,038 [INFO] [central] Created task task-e9637e9a for agent reputation-agent (Status: QUEUED)
2026-08-14 14:40:18,039 [INFO] [central] Registered agent implementation: reputation-agent
2026-08-14 14:40:18,041 [INFO] [central] Registered agent implementation: reputation-agent
2026-08-14 14:40:18,041 [INFO] [central] Registered agent implementation: seo-audit-agent
2026-08-14 14:40:18,041 [INFO] [central] Registered agent implementation: seo-audit-agent
2026-08-14 14:40:18,052 [INFO] [central] Created task task-6dcca1c9 for agent seo-audit-agent (Status: QUEUED)
2026-08-14 14:40:18,068 [INFO] [central] Registered agent implementation: seo-audit-agent
2026-08-14 14:40:18,070 [INFO] [central] Created task task-be7191b4 for agent seo-audit-agent (Status: QUEUED)
2026-08-14 14:40:18,072 [INFO] [central] Registered agent implementation: seo-audit-agent
2026-08-14 14:40:18,073 [INFO] [central] Registered agent implementation: seo-content-brief-agent
2026-08-14 14:40:18,074 [INFO] [central] Registered agent implementation: seo-content-brief-agent
2026-08-14 14:40:18,080 [INFO] [central] Created task task-451a1dd9 for agent seo-content-brief-agent (Status: QUEUED)
2026-08-14 14:40:18,097 [INFO] [central] Registered agent implementation: seo-content-brief-agent
2026-08-14 14:40:18,098 [INFO] [central] Created task task-0559a0e9 for agent seo-content-brief-agent (Status: QUEUED)
2026-08-14 14:40:18,099 [INFO] [central] Registered agent implementation: seo-content-brief-agent
2026-08-14 14:40:18,101 [INFO] [central] Registered agent implementation: seo-keyword-agent
2026-08-14 14:40:18,104 [INFO] [central] Registered agent implementation: seo-keyword-agent
2026-08-14 14:40:18,111 [INFO] [central] Created task task-08dd3dbf for agent seo-keyword-agent (Status: QUEUED)
2026-08-14 14:40:18,128 [INFO] [central] Registered agent implementation: seo-keyword-agent
2026-08-14 14:40:18,130 [INFO] [central] Created task task-7e88949a for agent seo-keyword-agent (Status: QUEUED)
2026-08-14 14:40:18,131 [INFO] [central] Registered agent implementation: seo-keyword-agent
2026-08-14 14:40:18,132 [INFO] [central] Registered agent implementation: social-analytics-agent
2026-08-14 14:40:18,134 [INFO] [central] Registered agent implementation: social-analytics-agent
2026-08-14 14:40:18,144 [INFO] [central] Created task task-aa6b12c4 for agent social-analytics-agent (Status: QUEUED)
2026-08-14 14:40:18,163 [INFO] [central] Registered agent implementation: social-analytics-agent
2026-08-14 14:40:18,163 [INFO] [central] Created task task-30c05cf5 for agent social-analytics-agent (Status: QUEUED)
2026-08-14 14:40:18,165 [INFO] [central] Registered agent implementation: social-analytics-agent
2026-08-14 14:40:18,167 [INFO] [central] Registered agent implementation: blog-agent
2026-08-14 14:40:18,168 [INFO] [central] Created task task-2aecbd20 for agent blog-agent (Status: QUEUED)
2026-08-14 14:40:24,841 [INFO] [central] Registered agent implementation: blog-agent
2026-08-14 14:40:24,841 [INFO] [central] Created task task-f49982aa for agent blog-agent (Status: AWAITING_APPROVAL)
2026-08-14 14:40:24,845 [INFO] [central] Task task-f49982aa approved by admin
2026-08-14 14:40:30,081 [INFO] [central] Registered agent implementation: blog-agent
2026-08-14 14:40:30,082 [INFO] [central] Created task task-49cfa13f for agent blog-agent (Status: AWAITING_APPROVAL)
2026-08-14 14:40:30,082 [INFO] [central] Task task-49cfa13f rejected by manager
2026-08-14 14:41:35,941 [INFO] [central] Registered agent implementation: blog-agent
2026-08-14 14:41:35,941 [INFO] [central] Registered agent implementation: corporate-cars-social-agent
2026-08-14 14:41:35,943 [INFO] [central] Registered agent implementation: seo-keyword-agent
2026-08-14 14:41:35,943 [INFO] [central] Registered agent implementation: competitor-analysis-agent
2026-08-14 14:41:35,943 [INFO] [central] Registered agent implementation: seo-content-brief-agent
2026-08-14 14:41:35,943 [INFO] [central] Registered agent implementation: internal-linking-agent
2026-08-14 14:41:35,943 [INFO] [central] Registered agent implementation: seo-audit-agent
2026-08-14 14:41:35,943 [INFO] [central] Registered agent implementation: gsc-agent
2026-08-14 14:41:35,944 [INFO] [central] Registered agent implementation: ga4-reporting-agent
2026-08-14 14:41:35,944 [INFO] [central] Registered agent implementation: google-ads-monitoring-agent
2026-08-14 14:41:35,944 [INFO] [central] Registered agent implementation: google-ads-optimization-agent
2026-08-14 14:41:35,944 [INFO] [central] Registered agent implementation: meta-ads-monitoring-agent
2026-08-14 14:41:35,945 [INFO] [central] Registered agent implementation: social-analytics-agent
2026-08-14 14:41:35,945 [INFO] [central] Registered agent implementation: reputation-agent
2026-08-14 14:43:00,270 [INFO] [central] Registered agent implementation: blog-agent
2026-08-14 14:43:00,270 [INFO] [central] Registered agent implementation: corporate-cars-social-agent
2026-08-14 14:43:00,273 [INFO] [central] Registered agent implementation: seo-keyword-agent
2026-08-14 14:43:00,273 [INFO] [central] Registered agent implementation: competitor-analysis-agent
2026-08-14 14:43:00,273 [INFO] [central] Registered agent implementation: seo-content-brief-agent
2026-08-14 14:43:00,274 [INFO] [central] Registered agent implementation: internal-linking-agent
2026-08-14 14:43:00,274 [INFO] [central] Registered agent implementation: seo-audit-agent
2026-08-14 14:43:00,274 [INFO] [central] Registered agent implementation: gsc-agent
2026-08-14 14:43:00,274 [INFO] [central] Registered agent implementation: ga4-reporting-agent
2026-08-14 14:43:00,274 [INFO] [central] Registered agent implementation: google-ads-monitoring-agent
2026-08-14 14:43:00,274 [INFO] [central] Registered agent implementation: google-ads-optimization-agent
2026-08-14 14:43:00,275 [INFO] [central] Registered agent implementation: meta-ads-monitoring-agent
2026-08-14 14:43:00,275 [INFO] [central] Registered agent implementation: social-analytics-agent
2026-08-14 14:43:00,276 [INFO] [central] Registered agent implementation: reputation-agent
2026-08-14 14:43:00,276 [INFO] [central] Registered agent implementation: lead-management-agent
2026-08-14 14:43:00,681 [INFO] [central] Registered agent implementation: competitor-analysis-agent
2026-08-14 14:43:00,683 [INFO] [central] Registered agent implementation: competitor-analysis-agent
2026-08-14 14:43:00,733 [INFO] [central] Created task task-80396dd6 for agent competitor-analysis-agent (Status: QUEUED)
2026-08-14 14:43:00,769 [INFO] [central] Registered agent implementation: competitor-analysis-agent
2026-08-14 14:43:00,770 [INFO] [central] Created task task-347f92a2 for agent competitor-analysis-agent (Status: QUEUED)
2026-08-14 14:43:00,772 [INFO] [central] Registered agent implementation: competitor-analysis-agent
2026-08-14 14:43:00,831 [INFO] [central] Created task task-88a6ac73 for agent blog-agent (Status: AWAITING_APPROVAL)
2026-08-14 14:43:00,853 [INFO] [central] Task task-88a6ac73 approved by test_admin
2026-08-14 14:43:00,865 [INFO] [central] Created task task-781133f4 for agent blog-agent (Status: QUEUED)
2026-08-14 14:43:10,083 [INFO] [central] Registered agent implementation: ga4-reporting-agent
2026-08-14 14:43:10,084 [INFO] [central] Registered agent implementation: ga4-reporting-agent
2026-08-14 14:43:10,092 [INFO] [central] Created task task-82186a38 for agent ga4-reporting-agent (Status: QUEUED)
2026-08-14 14:43:10,110 [INFO] [central] Registered agent implementation: ga4-reporting-agent
2026-08-14 14:43:10,111 [INFO] [central] Created task task-563e15a7 for agent ga4-reporting-agent (Status: QUEUED)
2026-08-14 14:43:10,114 [INFO] [central] Registered agent implementation: ga4-reporting-agent
2026-08-14 14:43:10,116 [INFO] [central] Registered agent implementation: google-ads-monitoring-agent
2026-08-14 14:43:10,117 [INFO] [central] Registered agent implementation: google-ads-monitoring-agent
2026-08-14 14:43:10,125 [INFO] [central] Created task task-0b2ba4f5 for agent google-ads-monitoring-agent (Status: QUEUED)
2026-08-14 14:43:10,142 [INFO] [central] Registered agent implementation: google-ads-monitoring-agent
2026-08-14 14:43:10,142 [INFO] [central] Created task task-7c015338 for agent google-ads-monitoring-agent (Status: QUEUED)
2026-08-14 14:43:10,143 [INFO] [central] Registered agent implementation: google-ads-monitoring-agent
2026-08-14 14:43:10,145 [INFO] [central] Registered agent implementation: google-ads-monitoring-agent
2026-08-14 14:43:10,148 [INFO] [central] Registered agent implementation: google-ads-optimization-agent
2026-08-14 14:43:10,148 [INFO] [central] Registered agent implementation: google-ads-optimization-agent
2026-08-14 14:43:10,157 [INFO] [central] Created task task-7bf317b5 for agent google-ads-optimization-agent (Status: QUEUED)
2026-08-14 14:43:10,174 [INFO] [central] Registered agent implementation: google-ads-optimization-agent
2026-08-14 14:43:10,174 [INFO] [central] Created task task-63612c91 for agent google-ads-optimization-agent (Status: QUEUED)
2026-08-14 14:43:10,175 [INFO] [central] Registered agent implementation: google-ads-optimization-agent
2026-08-14 14:43:10,177 [INFO] [central] Registered agent implementation: gsc-agent
2026-08-14 14:43:10,177 [INFO] [central] Registered agent implementation: gsc-agent
2026-08-14 14:43:10,186 [INFO] [central] Created task task-a2127f84 for agent gsc-agent (Status: QUEUED)
2026-08-14 14:43:10,203 [INFO] [central] Registered agent implementation: gsc-agent
2026-08-14 14:43:10,203 [INFO] [central] Created task task-081a80d2 for agent gsc-agent (Status: QUEUED)
2026-08-14 14:43:10,204 [INFO] [central] Registered agent implementation: gsc-agent
2026-08-14 14:43:10,206 [INFO] [central] Registered agent implementation: internal-linking-agent
2026-08-14 14:43:10,206 [INFO] [central] Registered agent implementation: internal-linking-agent
2026-08-14 14:43:10,216 [INFO] [central] Created task task-044e17fd for agent internal-linking-agent (Status: QUEUED)
2026-08-14 14:43:10,230 [INFO] [central] Registered agent implementation: internal-linking-agent
2026-08-14 14:43:10,232 [INFO] [central] Created task task-18b7adeb for agent internal-linking-agent (Status: QUEUED)
2026-08-14 14:43:10,233 [INFO] [central] Registered agent implementation: internal-linking-agent
2026-08-14 14:43:10,235 [INFO] [central] Registered agent implementation: lead-management-agent
2026-08-14 14:43:10,235 [INFO] [central] Registered agent implementation: lead-management-agent
2026-08-14 14:43:10,242 [INFO] [central] Created task task-b677ee09 for agent lead-management-agent (Status: QUEUED)
2026-08-14 14:43:10,259 [INFO] [central] Registered agent implementation: lead-management-agent
2026-08-14 14:43:10,260 [INFO] [central] Created task task-f8dd3476 for agent lead-management-agent (Status: QUEUED)
2026-08-14 14:43:10,264 [INFO] [central] Registered agent implementation: lead-management-agent
2026-08-14 14:43:10,266 [INFO] [central] Registered agent implementation: lead-management-agent
2026-08-14 14:43:10,268 [INFO] [central] Registered agent implementation: meta-ads-monitoring-agent
2026-08-14 14:43:10,268 [INFO] [central] Registered agent implementation: meta-ads-monitoring-agent
2026-08-14 14:43:10,276 [INFO] [central] Created task task-3dccab4e for agent meta-ads-monitoring-agent (Status: QUEUED)
2026-08-14 14:43:10,292 [INFO] [central] Registered agent implementation: meta-ads-monitoring-agent
2026-08-14 14:43:10,293 [INFO] [central] Created task task-e38393ee for agent meta-ads-monitoring-agent (Status: QUEUED)
2026-08-14 14:43:10,294 [INFO] [central] Registered agent implementation: meta-ads-monitoring-agent
2026-08-14 14:43:10,296 [INFO] [central] Registered agent implementation: meta-ads-monitoring-agent
2026-08-14 14:43:10,297 [INFO] [central] Registered agent implementation: reputation-agent
2026-08-14 14:43:10,299 [INFO] [central] Registered agent implementation: reputation-agent
2026-08-14 14:43:10,307 [INFO] [central] Created task task-2374a1ea for agent reputation-agent (Status: QUEUED)
2026-08-14 14:43:10,323 [INFO] [central] Registered agent implementation: reputation-agent
2026-08-14 14:43:10,324 [INFO] [central] Created task task-5dd629b0 for agent reputation-agent (Status: QUEUED)
2026-08-14 14:43:10,325 [INFO] [central] Registered agent implementation: reputation-agent
2026-08-14 14:43:10,326 [INFO] [central] Registered agent implementation: reputation-agent
2026-08-14 14:43:10,328 [INFO] [central] Registered agent implementation: seo-audit-agent
2026-08-14 14:43:10,331 [INFO] [central] Registered agent implementation: seo-audit-agent
2026-08-14 14:43:10,339 [INFO] [central] Created task task-8919f8b7 for agent seo-audit-agent (Status: QUEUED)
2026-08-14 14:43:10,351 [INFO] [central] Registered agent implementation: seo-audit-agent
2026-08-14 14:43:10,351 [INFO] [central] Created task task-b9f5a79a for agent seo-audit-agent (Status: QUEUED)
2026-08-14 14:43:10,351 [INFO] [central] Registered agent implementation: seo-audit-agent
2026-08-14 14:43:10,359 [INFO] [central] Registered agent implementation: seo-content-brief-agent
2026-08-14 14:43:10,359 [INFO] [central] Registered agent implementation: seo-content-brief-agent
2026-08-14 14:43:10,368 [INFO] [central] Created task task-27b76255 for agent seo-content-brief-agent (Status: QUEUED)
2026-08-14 14:43:10,386 [INFO] [central] Registered agent implementation: seo-content-brief-agent
2026-08-14 14:43:10,388 [INFO] [central] Created task task-73d3a498 for agent seo-content-brief-agent (Status: QUEUED)
2026-08-14 14:43:10,389 [INFO] [central] Registered agent implementation: seo-content-brief-agent
2026-08-14 14:43:10,390 [INFO] [central] Registered agent implementation: seo-keyword-agent
2026-08-14 14:43:10,390 [INFO] [central] Registered agent implementation: seo-keyword-agent
2026-08-14 14:43:10,402 [INFO] [central] Created task task-72328cf8 for agent seo-keyword-agent (Status: QUEUED)
2026-08-14 14:43:10,419 [INFO] [central] Registered agent implementation: seo-keyword-agent
2026-08-14 14:43:10,421 [INFO] [central] Created task task-98af8bdf for agent seo-keyword-agent (Status: QUEUED)
2026-08-14 14:43:10,422 [INFO] [central] Registered agent implementation: seo-keyword-agent
2026-08-14 14:43:10,424 [INFO] [central] Registered agent implementation: social-analytics-agent
2026-08-14 14:43:10,425 [INFO] [central] Registered agent implementation: social-analytics-agent
2026-08-14 14:43:10,434 [INFO] [central] Created task task-3e78934d for agent social-analytics-agent (Status: QUEUED)
2026-08-14 14:43:10,453 [INFO] [central] Registered agent implementation: social-analytics-agent
2026-08-14 14:43:10,454 [INFO] [central] Created task task-4d5a4723 for agent social-analytics-agent (Status: QUEUED)
2026-08-14 14:43:10,456 [INFO] [central] Registered agent implementation: social-analytics-agent
2026-08-14 14:43:10,457 [INFO] [central] Registered agent implementation: blog-agent
2026-08-14 14:43:10,457 [INFO] [central] Created task task-ad8a09f4 for agent blog-agent (Status: QUEUED)
2026-08-14 14:43:16,125 [INFO] [central] Registered agent implementation: blog-agent
2026-08-14 14:43:16,126 [INFO] [central] Created task task-bd331066 for agent blog-agent (Status: AWAITING_APPROVAL)
2026-08-14 14:43:16,126 [INFO] [central] Task task-bd331066 approved by admin
2026-08-14 14:43:21,510 [INFO] [central] Registered agent implementation: blog-agent
2026-08-14 14:43:21,510 [INFO] [central] Created task task-2581187e for agent blog-agent (Status: AWAITING_APPROVAL)
2026-08-14 14:43:21,511 [INFO] [central] Task task-2581187e rejected by manager
2026-08-14 14:44:19,097 [INFO] [central] Registered agent implementation: blog-agent
2026-08-14 14:44:19,097 [INFO] [central] Registered agent implementation: corporate-cars-social-agent
2026-08-14 14:44:19,100 [INFO] [central] Registered agent implementation: seo-keyword-agent
2026-08-14 14:44:19,100 [INFO] [central] Registered agent implementation: competitor-analysis-agent
2026-08-14 14:44:19,100 [INFO] [central] Registered agent implementation: seo-content-brief-agent
2026-08-14 14:44:19,100 [INFO] [central] Registered agent implementation: internal-linking-agent
2026-08-14 14:44:19,100 [INFO] [central] Registered agent implementation: seo-audit-agent
2026-08-14 14:44:19,101 [INFO] [central] Registered agent implementation: gsc-agent
2026-08-14 14:44:19,102 [INFO] [central] Registered agent implementation: ga4-reporting-agent
2026-08-14 14:44:19,102 [INFO] [central] Registered agent implementation: google-ads-monitoring-agent
2026-08-14 14:44:19,102 [INFO] [central] Registered agent implementation: google-ads-optimization-agent
2026-08-14 14:44:19,103 [INFO] [central] Registered agent implementation: meta-ads-monitoring-agent
2026-08-14 14:44:19,103 [INFO] [central] Registered agent implementation: social-analytics-agent
2026-08-14 14:44:19,104 [INFO] [central] Registered agent implementation: reputation-agent
2026-08-14 14:44:19,104 [INFO] [central] Registered agent implementation: lead-management-agent
2026-08-14 14:46:14,747 [INFO] [central] Registered agent implementation: blog-agent
2026-08-14 14:46:14,747 [INFO] [central] Registered agent implementation: corporate-cars-social-agent
2026-08-14 14:46:14,749 [INFO] [central] Registered agent implementation: seo-keyword-agent
2026-08-14 14:46:14,749 [INFO] [central] Registered agent implementation: competitor-analysis-agent
2026-08-14 14:46:14,749 [INFO] [central] Registered agent implementation: seo-content-brief-agent
2026-08-14 14:46:14,749 [INFO] [central] Registered agent implementation: internal-linking-agent
2026-08-14 14:46:14,749 [INFO] [central] Registered agent implementation: seo-audit-agent
2026-08-14 14:46:14,750 [INFO] [central] Registered agent implementation: gsc-agent
2026-08-14 14:46:14,750 [INFO] [central] Registered agent implementation: ga4-reporting-agent
2026-08-14 14:46:14,750 [INFO] [central] Registered agent implementation: google-ads-monitoring-agent
2026-08-14 14:46:14,750 [INFO] [central] Registered agent implementation: google-ads-optimization-agent
2026-08-14 14:46:14,750 [INFO] [central] Registered agent implementation: meta-ads-monitoring-agent
2026-08-14 14:46:14,750 [INFO] [central] Registered agent implementation: social-analytics-agent
2026-08-14 14:46:14,751 [INFO] [central] Registered agent implementation: reputation-agent
2026-08-14 14:46:14,751 [INFO] [central] Registered agent implementation: lead-management-agent
2026-08-14 14:46:14,751 [INFO] [central] Registered agent implementation: monthly-report-agent
2026-08-14 14:46:14,984 [INFO] [central] Registered agent implementation: competitor-analysis-agent
2026-08-14 14:46:14,985 [INFO] [central] Registered agent implementation: competitor-analysis-agent
2026-08-14 14:46:15,014 [INFO] [central] Created task task-987ffac2 for agent competitor-analysis-agent (Status: QUEUED)
2026-08-14 14:46:15,041 [INFO] [central] Registered agent implementation: competitor-analysis-agent
2026-08-14 14:46:15,042 [INFO] [central] Created task task-ccd4c58e for agent competitor-analysis-agent (Status: QUEUED)
2026-08-14 14:46:15,043 [INFO] [central] Registered agent implementation: competitor-analysis-agent
2026-08-14 14:46:15,089 [INFO] [central] Created task task-7af1609c for agent blog-agent (Status: AWAITING_APPROVAL)
2026-08-14 14:46:15,115 [INFO] [central] Task task-7af1609c approved by test_admin
2026-08-14 14:46:15,125 [INFO] [central] Created task task-e5b30101 for agent blog-agent (Status: QUEUED)
2026-08-14 14:46:24,732 [INFO] [central] Registered agent implementation: ga4-reporting-agent
2026-08-14 14:46:24,733 [INFO] [central] Registered agent implementation: ga4-reporting-agent
2026-08-14 14:46:24,740 [INFO] [central] Created task task-44b91cff for agent ga4-reporting-agent (Status: QUEUED)
2026-08-14 14:46:24,760 [INFO] [central] Registered agent implementation: ga4-reporting-agent
2026-08-14 14:46:24,765 [INFO] [central] Created task task-17980fd1 for agent ga4-reporting-agent (Status: QUEUED)
2026-08-14 14:46:24,767 [INFO] [central] Registered agent implementation: ga4-reporting-agent
2026-08-14 14:46:24,769 [INFO] [central] Registered agent implementation: google-ads-monitoring-agent
2026-08-14 14:46:24,769 [INFO] [central] Registered agent implementation: google-ads-monitoring-agent
2026-08-14 14:46:24,777 [INFO] [central] Created task task-1decd9c9 for agent google-ads-monitoring-agent (Status: QUEUED)
2026-08-14 14:46:24,794 [INFO] [central] Registered agent implementation: google-ads-monitoring-agent
2026-08-14 14:46:24,794 [INFO] [central] Created task task-a20e65bc for agent google-ads-monitoring-agent (Status: QUEUED)
2026-08-14 14:46:24,798 [INFO] [central] Registered agent implementation: google-ads-monitoring-agent
2026-08-14 14:46:24,800 [INFO] [central] Registered agent implementation: google-ads-monitoring-agent
2026-08-14 14:46:24,800 [INFO] [central] Registered agent implementation: google-ads-optimization-agent
2026-08-14 14:46:24,802 [INFO] [central] Registered agent implementation: google-ads-optimization-agent
2026-08-14 14:46:24,809 [INFO] [central] Created task task-cc22c398 for agent google-ads-optimization-agent (Status: QUEUED)
2026-08-14 14:46:24,826 [INFO] [central] Registered agent implementation: google-ads-optimization-agent
2026-08-14 14:46:24,828 [INFO] [central] Created task task-8ccfe8b8 for agent google-ads-optimization-agent (Status: QUEUED)
2026-08-14 14:46:24,830 [INFO] [central] Registered agent implementation: google-ads-optimization-agent
2026-08-14 14:46:24,833 [INFO] [central] Registered agent implementation: gsc-agent
2026-08-14 14:46:24,833 [INFO] [central] Registered agent implementation: gsc-agent
2026-08-14 14:46:24,839 [INFO] [central] Created task task-c77b5c16 for agent gsc-agent (Status: QUEUED)
2026-08-14 14:46:24,869 [INFO] [central] Registered agent implementation: gsc-agent
2026-08-14 14:46:24,869 [INFO] [central] Created task task-2a4eec3f for agent gsc-agent (Status: QUEUED)
2026-08-14 14:46:24,871 [INFO] [central] Registered agent implementation: gsc-agent
2026-08-14 14:46:24,871 [INFO] [central] Registered agent implementation: internal-linking-agent
2026-08-14 14:46:24,873 [INFO] [central] Registered agent implementation: internal-linking-agent
2026-08-14 14:46:24,878 [INFO] [central] Created task task-06981a54 for agent internal-linking-agent (Status: QUEUED)
2026-08-14 14:46:24,917 [INFO] [central] Registered agent implementation: internal-linking-agent
2026-08-14 14:46:24,918 [INFO] [central] Created task task-2c1ec8cd for agent internal-linking-agent (Status: QUEUED)
2026-08-14 14:46:24,920 [INFO] [central] Registered agent implementation: internal-linking-agent
2026-08-14 14:46:24,921 [INFO] [central] Registered agent implementation: lead-management-agent
2026-08-14 14:46:24,922 [INFO] [central] Registered agent implementation: lead-management-agent
2026-08-14 14:46:24,928 [INFO] [central] Created task task-380c5341 for agent lead-management-agent (Status: QUEUED)
2026-08-14 14:46:24,948 [INFO] [central] Registered agent implementation: lead-management-agent
2026-08-14 14:46:24,949 [INFO] [central] Created task task-7b2289ae for agent lead-management-agent (Status: QUEUED)
2026-08-14 14:46:24,950 [INFO] [central] Registered agent implementation: lead-management-agent
2026-08-14 14:46:24,951 [INFO] [central] Registered agent implementation: lead-management-agent
2026-08-14 14:46:24,952 [INFO] [central] Registered agent implementation: meta-ads-monitoring-agent
2026-08-14 14:46:24,952 [INFO] [central] Registered agent implementation: meta-ads-monitoring-agent
2026-08-14 14:46:24,959 [INFO] [central] Created task task-6a121d52 for agent meta-ads-monitoring-agent (Status: QUEUED)
2026-08-14 14:46:24,976 [INFO] [central] Registered agent implementation: meta-ads-monitoring-agent
2026-08-14 14:46:24,978 [INFO] [central] Created task task-c87d5432 for agent meta-ads-monitoring-agent (Status: QUEUED)
2026-08-14 14:46:24,980 [INFO] [central] Registered agent implementation: meta-ads-monitoring-agent
2026-08-14 14:46:24,982 [INFO] [central] Registered agent implementation: meta-ads-monitoring-agent
2026-08-14 14:46:24,983 [INFO] [central] Registered agent implementation: monthly-report-agent
2026-08-14 14:46:24,984 [INFO] [central] Registered agent implementation: monthly-report-agent
2026-08-14 14:46:24,992 [INFO] [central] Created task task-a83e666c for agent monthly-report-agent (Status: QUEUED)
2026-08-14 14:46:25,009 [INFO] [central] Registered agent implementation: monthly-report-agent
2026-08-14 14:46:25,010 [INFO] [central] Created task task-1e965a4b for agent monthly-report-agent (Status: QUEUED)
2026-08-14 14:46:25,012 [INFO] [central] Registered agent implementation: monthly-report-agent
2026-08-14 14:46:25,015 [INFO] [central] Registered agent implementation: reputation-agent
2026-08-14 14:46:25,016 [INFO] [central] Registered agent implementation: reputation-agent
2026-08-14 14:46:25,022 [INFO] [central] Created task task-33b2638f for agent reputation-agent (Status: QUEUED)
2026-08-14 14:46:25,041 [INFO] [central] Registered agent implementation: reputation-agent
2026-08-14 14:46:25,041 [INFO] [central] Created task task-c746d4d4 for agent reputation-agent (Status: QUEUED)
2026-08-14 14:46:25,042 [INFO] [central] Registered agent implementation: reputation-agent
2026-08-14 14:46:25,043 [INFO] [central] Registered agent implementation: reputation-agent
2026-08-14 14:46:25,046 [INFO] [central] Registered agent implementation: seo-audit-agent
2026-08-14 14:46:25,046 [INFO] [central] Registered agent implementation: seo-audit-agent
2026-08-14 14:46:25,053 [INFO] [central] Created task task-790f3dfe for agent seo-audit-agent (Status: QUEUED)
2026-08-14 14:46:25,070 [INFO] [central] Registered agent implementation: seo-audit-agent
2026-08-14 14:46:25,070 [INFO] [central] Created task task-497f9bc4 for agent seo-audit-agent (Status: QUEUED)
2026-08-14 14:46:25,072 [INFO] [central] Registered agent implementation: seo-audit-agent
2026-08-14 14:46:25,073 [INFO] [central] Registered agent implementation: seo-content-brief-agent
2026-08-14 14:46:25,073 [INFO] [central] Registered agent implementation: seo-content-brief-agent
2026-08-14 14:46:25,084 [INFO] [central] Created task task-201a9ae6 for agent seo-content-brief-agent (Status: QUEUED)
2026-08-14 14:46:25,106 [INFO] [central] Registered agent implementation: seo-content-brief-agent
2026-08-14 14:46:25,107 [INFO] [central] Created task task-e2870df4 for agent seo-content-brief-agent (Status: QUEUED)
2026-08-14 14:46:25,108 [INFO] [central] Registered agent implementation: seo-content-brief-agent
2026-08-14 14:46:25,109 [INFO] [central] Registered agent implementation: seo-keyword-agent
2026-08-14 14:46:25,109 [INFO] [central] Registered agent implementation: seo-keyword-agent
2026-08-14 14:46:25,119 [INFO] [central] Created task task-dc803028 for agent seo-keyword-agent (Status: QUEUED)
2026-08-14 14:46:25,137 [INFO] [central] Registered agent implementation: seo-keyword-agent
2026-08-14 14:46:25,137 [INFO] [central] Created task task-1781babc for agent seo-keyword-agent (Status: QUEUED)
2026-08-14 14:46:25,139 [INFO] [central] Registered agent implementation: seo-keyword-agent
2026-08-14 14:46:25,140 [INFO] [central] Registered agent implementation: social-analytics-agent
2026-08-14 14:46:25,141 [INFO] [central] Registered agent implementation: social-analytics-agent
2026-08-14 14:46:25,149 [INFO] [central] Created task task-b38a381e for agent social-analytics-agent (Status: QUEUED)
2026-08-14 14:46:25,174 [INFO] [central] Registered agent implementation: social-analytics-agent
2026-08-14 14:46:25,175 [INFO] [central] Created task task-e595664b for agent social-analytics-agent (Status: QUEUED)
2026-08-14 14:46:25,178 [INFO] [central] Registered agent implementation: social-analytics-agent
2026-08-14 14:46:25,180 [INFO] [central] Registered agent implementation: blog-agent
2026-08-14 14:46:25,181 [INFO] [central] Created task task-fd7cca11 for agent blog-agent (Status: QUEUED)
2026-08-14 14:46:30,706 [INFO] [central] Registered agent implementation: blog-agent
2026-08-14 14:46:30,707 [INFO] [central] Created task task-fd0f6af6 for agent blog-agent (Status: AWAITING_APPROVAL)
2026-08-14 14:46:30,708 [INFO] [central] Task task-fd0f6af6 approved by admin
2026-08-14 14:46:36,157 [INFO] [central] Registered agent implementation: blog-agent
2026-08-14 14:46:36,157 [INFO] [central] Created task task-b52e2c4c for agent blog-agent (Status: AWAITING_APPROVAL)
2026-08-14 14:46:36,158 [INFO] [central] Task task-b52e2c4c rejected by manager
2026-08-14 14:47:54,981 [INFO] [central] Registered agent implementation: blog-agent
2026-08-14 14:47:54,981 [INFO] [central] Registered agent implementation: corporate-cars-social-agent
2026-08-14 14:47:54,982 [INFO] [central] Registered agent implementation: seo-keyword-agent
2026-08-14 14:47:54,982 [INFO] [central] Registered agent implementation: competitor-analysis-agent
2026-08-14 14:47:54,982 [INFO] [central] Registered agent implementation: seo-content-brief-agent
2026-08-14 14:47:54,983 [INFO] [central] Registered agent implementation: internal-linking-agent
2026-08-14 14:47:54,983 [INFO] [central] Registered agent implementation: seo-audit-agent
2026-08-14 14:47:54,983 [INFO] [central] Registered agent implementation: gsc-agent
2026-08-14 14:47:54,984 [INFO] [central] Registered agent implementation: ga4-reporting-agent
2026-08-14 14:47:54,984 [INFO] [central] Registered agent implementation: google-ads-monitoring-agent
2026-08-14 14:47:54,984 [INFO] [central] Registered agent implementation: google-ads-optimization-agent
2026-08-14 14:47:54,984 [INFO] [central] Registered agent implementation: meta-ads-monitoring-agent
2026-08-14 14:47:54,986 [INFO] [central] Registered agent implementation: social-analytics-agent
2026-08-14 14:47:54,986 [INFO] [central] Registered agent implementation: reputation-agent
2026-08-14 14:47:54,987 [INFO] [central] Registered agent implementation: lead-management-agent
2026-08-14 14:47:54,987 [INFO] [central] Registered agent implementation: monthly-report-agent
2026-08-14 14:56:04,150 [INFO] [central] Registered agent implementation: blog-agent
2026-08-14 14:56:04,151 [INFO] [central] Registered agent implementation: corporate-cars-social-agent
2026-08-14 14:56:04,151 [INFO] [central] Registered agent implementation: seo-keyword-agent
2026-08-14 14:56:04,151 [INFO] [central] Registered agent implementation: competitor-analysis-agent
2026-08-14 14:56:04,152 [INFO] [central] Registered agent implementation: seo-content-brief-agent
2026-08-14 14:56:04,152 [INFO] [central] Registered agent implementation: internal-linking-agent
2026-08-14 14:56:04,153 [INFO] [central] Registered agent implementation: seo-audit-agent
2026-08-14 14:56:04,153 [INFO] [central] Registered agent implementation: gsc-agent
2026-08-14 14:56:04,155 [INFO] [central] Registered agent implementation: ga4-reporting-agent
2026-08-14 14:56:04,156 [INFO] [central] Registered agent implementation: google-ads-monitoring-agent
2026-08-14 14:56:04,156 [INFO] [central] Registered agent implementation: google-ads-optimization-agent
2026-08-14 14:56:04,157 [INFO] [central] Registered agent implementation: meta-ads-monitoring-agent
2026-08-14 14:56:04,157 [INFO] [central] Registered agent implementation: social-analytics-agent
2026-08-14 14:56:04,157 [INFO] [central] Registered agent implementation: reputation-agent
2026-08-14 14:56:04,157 [INFO] [central] Registered agent implementation: lead-management-agent
2026-08-14 14:56:04,158 [INFO] [central] Registered agent implementation: monthly-report-agent
2026-08-14 14:56:20,201 [INFO] [central] Registered agent implementation: blog-agent
2026-08-14 14:56:20,201 [INFO] [central] Registered agent implementation: corporate-cars-social-agent
2026-08-14 14:56:20,202 [INFO] [central] Registered agent implementation: seo-keyword-agent
2026-08-14 14:56:20,202 [INFO] [central] Registered agent implementation: competitor-analysis-agent
2026-08-14 14:56:20,202 [INFO] [central] Registered agent implementation: seo-content-brief-agent
2026-08-14 14:56:20,203 [INFO] [central] Registered agent implementation: internal-linking-agent
2026-08-14 14:56:20,203 [INFO] [central] Registered agent implementation: seo-audit-agent
2026-08-14 14:56:20,203 [INFO] [central] Registered agent implementation: gsc-agent
2026-08-14 14:56:20,203 [INFO] [central] Registered agent implementation: ga4-reporting-agent
2026-08-14 14:56:20,203 [INFO] [central] Registered agent implementation: google-ads-monitoring-agent
2026-08-14 14:56:20,205 [INFO] [central] Registered agent implementation: google-ads-optimization-agent
2026-08-14 14:56:20,205 [INFO] [central] Registered agent implementation: meta-ads-monitoring-agent
2026-08-14 14:56:20,205 [INFO] [central] Registered agent implementation: social-analytics-agent
2026-08-14 14:56:20,208 [INFO] [central] Registered agent implementation: reputation-agent
2026-08-14 14:56:20,209 [INFO] [central] Registered agent implementation: lead-management-agent
2026-08-14 14:56:20,209 [INFO] [central] Registered agent implementation: monthly-report-agent
2026-08-14 14:56:20,503 [INFO] [central] Registered agent implementation: competitor-analysis-agent
2026-08-14 14:56:20,505 [INFO] [central] Registered agent implementation: competitor-analysis-agent
2026-08-14 14:56:20,528 [INFO] [central] Created task task-4a217969 for agent competitor-analysis-agent (Status: QUEUED)
2026-08-14 14:56:20,562 [INFO] [central] Registered agent implementation: competitor-analysis-agent
2026-08-14 14:56:20,563 [INFO] [central] Created task task-d90130c8 for agent competitor-analysis-agent (Status: QUEUED)
2026-08-14 14:56:20,564 [INFO] [central] Registered agent implementation: competitor-analysis-agent
2026-08-14 14:56:20,612 [INFO] [central] Created task task-738ee842 for agent blog-agent (Status: AWAITING_APPROVAL)
2026-08-14 14:56:20,632 [INFO] [central] Task task-738ee842 approved by test_admin
2026-08-14 14:56:20,646 [INFO] [central] Created task task-ae5fa063 for agent blog-agent (Status: QUEUED)
2026-08-14 14:56:29,950 [INFO] [central] Registered agent implementation: ga4-reporting-agent
2026-08-14 14:56:29,950 [INFO] [central] Registered agent implementation: ga4-reporting-agent
2026-08-14 14:56:29,958 [INFO] [central] Created task task-7355d831 for agent ga4-reporting-agent (Status: QUEUED)
2026-08-14 14:56:29,982 [INFO] [central] Registered agent implementation: ga4-reporting-agent
2026-08-14 14:56:29,983 [INFO] [central] Created task task-15421aa1 for agent ga4-reporting-agent (Status: QUEUED)
2026-08-14 14:56:29,984 [INFO] [central] Registered agent implementation: ga4-reporting-agent
2026-08-14 14:56:29,986 [INFO] [central] Registered agent implementation: google-ads-monitoring-agent
2026-08-14 14:56:29,988 [INFO] [central] Registered agent implementation: google-ads-monitoring-agent
2026-08-14 14:56:30,010 [INFO] [central] Created task task-a93ff352 for agent google-ads-monitoring-agent (Status: QUEUED)
2026-08-14 14:56:30,029 [INFO] [central] Registered agent implementation: google-ads-monitoring-agent
2026-08-14 14:56:30,029 [INFO] [central] Created task task-7063549c for agent google-ads-monitoring-agent (Status: QUEUED)
2026-08-14 14:56:30,032 [INFO] [central] Registered agent implementation: google-ads-monitoring-agent
2026-08-14 14:56:30,033 [INFO] [central] Registered agent implementation: google-ads-monitoring-agent
2026-08-14 14:56:30,035 [INFO] [central] Registered agent implementation: google-ads-optimization-agent
2026-08-14 14:56:30,035 [INFO] [central] Registered agent implementation: google-ads-optimization-agent
2026-08-14 14:56:30,044 [INFO] [central] Created task task-914634a2 for agent google-ads-optimization-agent (Status: QUEUED)
2026-08-14 14:56:30,062 [INFO] [central] Registered agent implementation: google-ads-optimization-agent
2026-08-14 14:56:30,063 [INFO] [central] Created task task-12b56924 for agent google-ads-optimization-agent (Status: QUEUED)
2026-08-14 14:56:30,064 [INFO] [central] Registered agent implementation: google-ads-optimization-agent
2026-08-14 14:56:30,066 [INFO] [central] Registered agent implementation: gsc-agent
2026-08-14 14:56:30,066 [INFO] [central] Registered agent implementation: gsc-agent
2026-08-14 14:56:30,075 [INFO] [central] Created task task-e550014b for agent gsc-agent (Status: QUEUED)
2026-08-14 14:56:30,098 [INFO] [central] Registered agent implementation: gsc-agent
2026-08-14 14:56:30,099 [INFO] [central] Created task task-fa0a012b for agent gsc-agent (Status: QUEUED)
2026-08-14 14:56:30,100 [INFO] [central] Registered agent implementation: gsc-agent
2026-08-14 14:56:30,101 [INFO] [central] Registered agent implementation: internal-linking-agent
2026-08-14 14:56:30,102 [INFO] [central] Registered agent implementation: internal-linking-agent
2026-08-14 14:56:30,112 [INFO] [central] Created task task-754d01c6 for agent internal-linking-agent (Status: QUEUED)
2026-08-14 14:56:30,129 [INFO] [central] Registered agent implementation: internal-linking-agent
2026-08-14 14:56:30,129 [INFO] [central] Created task task-13075af4 for agent internal-linking-agent (Status: QUEUED)
2026-08-14 14:56:30,129 [INFO] [central] Registered agent implementation: internal-linking-agent
2026-08-14 14:56:30,129 [INFO] [central] Registered agent implementation: lead-management-agent
2026-08-14 14:56:30,129 [INFO] [central] Registered agent implementation: lead-management-agent
2026-08-14 14:56:30,141 [INFO] [central] Created task task-7f684aed for agent lead-management-agent (Status: QUEUED)
2026-08-14 14:56:30,160 [INFO] [central] Registered agent implementation: lead-management-agent
2026-08-14 14:56:30,160 [INFO] [central] Created task task-69f56a5e for agent lead-management-agent (Status: QUEUED)
2026-08-14 14:56:30,162 [INFO] [central] Registered agent implementation: lead-management-agent
2026-08-14 14:56:30,163 [INFO] [central] Registered agent implementation: lead-management-agent
2026-08-14 14:56:30,164 [INFO] [central] Registered agent implementation: meta-ads-monitoring-agent
2026-08-14 14:56:30,165 [INFO] [central] Registered agent implementation: meta-ads-monitoring-agent
2026-08-14 14:56:30,176 [INFO] [central] Created task task-ba3eb8fa for agent meta-ads-monitoring-agent (Status: QUEUED)
2026-08-14 14:56:30,194 [INFO] [central] Registered agent implementation: meta-ads-monitoring-agent
2026-08-14 14:56:30,195 [INFO] [central] Created task task-8c4e9e04 for agent meta-ads-monitoring-agent (Status: QUEUED)
2026-08-14 14:56:30,197 [INFO] [central] Registered agent implementation: meta-ads-monitoring-agent
2026-08-14 14:56:30,198 [INFO] [central] Registered agent implementation: meta-ads-monitoring-agent
2026-08-14 14:56:30,200 [INFO] [central] Registered agent implementation: monthly-report-agent
2026-08-14 14:56:30,200 [INFO] [central] Registered agent implementation: monthly-report-agent
2026-08-14 14:56:30,214 [INFO] [central] Created task task-ab151f8d for agent monthly-report-agent (Status: QUEUED)
2026-08-14 14:56:30,233 [INFO] [central] Registered agent implementation: monthly-report-agent
2026-08-14 14:56:30,234 [INFO] [central] Created task task-9d59d143 for agent monthly-report-agent (Status: QUEUED)
2026-08-14 14:56:30,236 [INFO] [central] Registered agent implementation: monthly-report-agent
2026-08-14 14:56:30,236 [INFO] [central] Registered agent implementation: reputation-agent
2026-08-14 14:56:30,237 [INFO] [central] Registered agent implementation: reputation-agent
2026-08-14 14:56:30,247 [INFO] [central] Created task task-8f090dfc for agent reputation-agent (Status: QUEUED)
2026-08-14 14:56:30,264 [INFO] [central] Registered agent implementation: reputation-agent
2026-08-14 14:56:30,264 [INFO] [central] Created task task-b0b11349 for agent reputation-agent (Status: QUEUED)
2026-08-14 14:56:30,266 [INFO] [central] Registered agent implementation: reputation-agent
2026-08-14 14:56:30,268 [INFO] [central] Registered agent implementation: reputation-agent
2026-08-14 14:56:30,269 [INFO] [central] Registered agent implementation: seo-audit-agent
2026-08-14 14:56:30,269 [INFO] [central] Registered agent implementation: seo-audit-agent
2026-08-14 14:56:30,282 [INFO] [central] Created task task-6cd36566 for agent seo-audit-agent (Status: QUEUED)
2026-08-14 14:56:30,299 [INFO] [central] Registered agent implementation: seo-audit-agent
2026-08-14 14:56:30,300 [INFO] [central] Created task task-cfa7048c for agent seo-audit-agent (Status: QUEUED)
2026-08-14 14:56:30,301 [INFO] [central] Registered agent implementation: seo-audit-agent
2026-08-14 14:56:30,304 [INFO] [central] Registered agent implementation: seo-content-brief-agent
2026-08-14 14:56:30,305 [INFO] [central] Registered agent implementation: seo-content-brief-agent
2026-08-14 14:56:30,313 [INFO] [central] Created task task-766dbeac for agent seo-content-brief-agent (Status: QUEUED)
2026-08-14 14:56:30,330 [INFO] [central] Registered agent implementation: seo-content-brief-agent
2026-08-14 14:56:30,331 [INFO] [central] Created task task-643b3db6 for agent seo-content-brief-agent (Status: QUEUED)
2026-08-14 14:56:30,334 [INFO] [central] Registered agent implementation: seo-content-brief-agent
2026-08-14 14:56:30,335 [INFO] [central] Registered agent implementation: seo-keyword-agent
2026-08-14 14:56:30,335 [INFO] [central] Registered agent implementation: seo-keyword-agent
2026-08-14 14:56:30,344 [INFO] [central] Created task task-caad99f8 for agent seo-keyword-agent (Status: QUEUED)
2026-08-14 14:56:30,362 [INFO] [central] Registered agent implementation: seo-keyword-agent
2026-08-14 14:56:30,364 [INFO] [central] Created task task-ed8561de for agent seo-keyword-agent (Status: QUEUED)
2026-08-14 14:56:30,366 [INFO] [central] Registered agent implementation: seo-keyword-agent
2026-08-14 14:56:30,367 [INFO] [central] Registered agent implementation: social-analytics-agent
2026-08-14 14:56:30,367 [INFO] [central] Registered agent implementation: social-analytics-agent
2026-08-14 14:56:30,377 [INFO] [central] Created task task-bdd1b8e7 for agent social-analytics-agent (Status: QUEUED)
2026-08-14 14:56:30,393 [INFO] [central] Registered agent implementation: social-analytics-agent
2026-08-14 14:56:30,394 [INFO] [central] Created task task-20bef997 for agent social-analytics-agent (Status: QUEUED)
2026-08-14 14:56:30,395 [INFO] [central] Registered agent implementation: social-analytics-agent
2026-08-14 14:56:30,396 [INFO] [central] Registered agent implementation: blog-agent
2026-08-14 14:56:30,396 [INFO] [central] Created task task-90fd8fea for agent blog-agent (Status: QUEUED)
2026-08-14 14:56:35,696 [INFO] [central] Registered agent implementation: blog-agent
2026-08-14 14:56:35,697 [INFO] [central] Created task task-d57f9d9e for agent blog-agent (Status: AWAITING_APPROVAL)
2026-08-14 14:56:35,697 [INFO] [central] Task task-d57f9d9e approved by admin
2026-08-14 14:56:41,022 [INFO] [central] Registered agent implementation: blog-agent
2026-08-14 14:56:41,023 [INFO] [central] Created task task-145f348d for agent blog-agent (Status: AWAITING_APPROVAL)
2026-08-14 14:56:41,023 [INFO] [central] Task task-145f348d rejected by manager
2026-08-14 15:10:02,041 [INFO] [central] Registered agent implementation: blog-agent
2026-08-14 15:10:02,041 [INFO] [central] Registered agent implementation: corporate-cars-social-agent
2026-08-14 15:10:02,041 [INFO] [central] Registered agent implementation: seo-keyword-agent
2026-08-14 15:10:02,041 [INFO] [central] Registered agent implementation: competitor-analysis-agent
2026-08-14 15:10:02,041 [INFO] [central] Registered agent implementation: seo-content-brief-agent
2026-08-14 15:10:02,041 [INFO] [central] Registered agent implementation: internal-linking-agent
2026-08-14 15:10:02,041 [INFO] [central] Registered agent implementation: seo-audit-agent
2026-08-14 15:10:02,041 [INFO] [central] Registered agent implementation: gsc-agent
2026-08-14 15:10:02,041 [INFO] [central] Registered agent implementation: ga4-reporting-agent
2026-08-14 15:10:02,041 [INFO] [central] Registered agent implementation: google-ads-monitoring-agent
2026-08-14 15:10:02,041 [INFO] [central] Registered agent implementation: google-ads-optimization-agent
2026-08-14 15:10:02,041 [INFO] [central] Registered agent implementation: meta-ads-monitoring-agent
2026-08-14 15:10:02,041 [INFO] [central] Registered agent implementation: social-analytics-agent
2026-08-14 15:10:02,041 [INFO] [central] Registered agent implementation: reputation-agent
2026-08-14 15:10:02,041 [INFO] [central] Registered agent implementation: lead-management-agent
2026-08-14 15:10:02,041 [INFO] [central] Registered agent implementation: monthly-report-agent
2026-08-14 15:12:20,184 [INFO] [central] Registered agent implementation: blog-agent
2026-08-14 15:12:20,185 [INFO] [central] Registered agent implementation: corporate-cars-social-agent
2026-08-14 15:12:20,186 [INFO] [central] Registered agent implementation: seo-keyword-agent
2026-08-14 15:12:20,187 [INFO] [central] Registered agent implementation: competitor-analysis-agent
2026-08-14 15:12:20,187 [INFO] [central] Registered agent implementation: seo-content-brief-agent
2026-08-14 15:12:20,187 [INFO] [central] Registered agent implementation: internal-linking-agent
2026-08-14 15:12:20,187 [INFO] [central] Registered agent implementation: seo-audit-agent
2026-08-14 15:12:20,188 [INFO] [central] Registered agent implementation: gsc-agent
2026-08-14 15:12:20,188 [INFO] [central] Registered agent implementation: ga4-reporting-agent
2026-08-14 15:12:20,188 [INFO] [central] Registered agent implementation: google-ads-monitoring-agent
2026-08-14 15:12:20,188 [INFO] [central] Registered agent implementation: google-ads-optimization-agent
2026-08-14 15:12:20,189 [INFO] [central] Registered agent implementation: meta-ads-monitoring-agent
2026-08-14 15:12:20,189 [INFO] [central] Registered agent implementation: social-analytics-agent
2026-08-14 15:12:20,189 [INFO] [central] Registered agent implementation: reputation-agent
2026-08-14 15:12:20,189 [INFO] [central] Registered agent implementation: lead-management-agent
2026-08-14 15:12:20,189 [INFO] [central] Registered agent implementation: monthly-report-agent
2026-08-14 15:25:51,496 [INFO] [central] Registered agent implementation: blog-agent
2026-08-14 15:25:51,496 [INFO] [central] Registered agent implementation: corporate-cars-social-agent
2026-08-14 15:25:51,497 [INFO] [central] Registered agent implementation: seo-keyword-agent
2026-08-14 15:25:51,498 [INFO] [central] Registered agent implementation: competitor-analysis-agent
2026-08-14 15:25:51,498 [INFO] [central] Registered agent implementation: seo-content-brief-agent
2026-08-14 15:25:51,498 [INFO] [central] Registered agent implementation: internal-linking-agent
2026-08-14 15:25:51,498 [INFO] [central] Registered agent implementation: seo-audit-agent
2026-08-14 15:25:51,498 [INFO] [central] Registered agent implementation: gsc-agent
2026-08-14 15:25:51,499 [INFO] [central] Registered agent implementation: ga4-reporting-agent
2026-08-14 15:25:51,499 [INFO] [central] Registered agent implementation: google-ads-monitoring-agent
2026-08-14 15:25:51,499 [INFO] [central] Registered agent implementation: google-ads-optimization-agent
2026-08-14 15:25:51,499 [INFO] [central] Registered agent implementation: meta-ads-monitoring-agent
2026-08-14 15:25:51,499 [INFO] [central] Registered agent implementation: social-analytics-agent
2026-08-14 15:25:51,499 [INFO] [central] Registered agent implementation: reputation-agent
2026-08-14 15:25:51,500 [INFO] [central] Registered agent implementation: lead-management-agent
2026-08-14 15:25:51,504 [INFO] [central] Registered agent implementation: monthly-report-agent
2026-08-14 15:36:42,584 [INFO] [central] Registered agent implementation: blog-agent
2026-08-14 15:36:42,584 [INFO] [central] Registered agent implementation: corporate-cars-social-agent
2026-08-14 15:36:42,588 [INFO] [central] Registered agent implementation: seo-keyword-agent
2026-08-14 15:36:42,588 [INFO] [central] Registered agent implementation: competitor-analysis-agent
2026-08-14 15:36:42,588 [INFO] [central] Registered agent implementation: seo-content-brief-agent
2026-08-14 15:36:42,588 [INFO] [central] Registered agent implementation: internal-linking-agent
2026-08-14 15:36:42,588 [INFO] [central] Registered agent implementation: seo-audit-agent
2026-08-14 15:36:42,588 [INFO] [central] Registered agent implementation: gsc-agent
2026-08-14 15:36:42,588 [INFO] [central] Registered agent implementation: ga4-reporting-agent
2026-08-14 15:36:42,588 [INFO] [central] Registered agent implementation: google-ads-monitoring-agent
2026-08-14 15:36:42,589 [INFO] [central] Registered agent implementation: google-ads-optimization-agent
2026-08-14 15:36:42,589 [INFO] [central] Registered agent implementation: meta-ads-monitoring-agent
2026-08-14 15:36:42,589 [INFO] [central] Registered agent implementation: social-analytics-agent
2026-08-14 15:36:42,589 [INFO] [central] Registered agent implementation: reputation-agent
2026-08-14 15:36:42,590 [INFO] [central] Registered agent implementation: lead-management-agent
2026-08-14 15:36:42,590 [INFO] [central] Registered agent implementation: monthly-report-agent
2026-08-14 15:46:51,613 [INFO] [central] Registered agent implementation: blog-agent
2026-08-14 15:46:51,613 [INFO] [central] Registered agent implementation: corporate-cars-social-agent
2026-08-14 15:46:51,619 [INFO] [central] Registered agent implementation: seo-keyword-agent
2026-08-14 15:46:51,619 [INFO] [central] Registered agent implementation: competitor-analysis-agent
2026-08-14 15:46:51,619 [INFO] [central] Registered agent implementation: seo-content-brief-agent
2026-08-14 15:46:51,619 [INFO] [central] Registered agent implementation: internal-linking-agent
2026-08-14 15:46:51,619 [INFO] [central] Registered agent implementation: seo-audit-agent
2026-08-14 15:46:51,620 [INFO] [central] Registered agent implementation: gsc-agent
2026-08-14 15:46:51,620 [INFO] [central] Registered agent implementation: ga4-reporting-agent
2026-08-14 15:46:51,620 [INFO] [central] Registered agent implementation: google-ads-monitoring-agent
2026-08-14 15:46:51,620 [INFO] [central] Registered agent implementation: google-ads-optimization-agent
2026-08-14 15:46:51,620 [INFO] [central] Registered agent implementation: meta-ads-monitoring-agent
2026-08-14 15:46:51,621 [INFO] [central] Registered agent implementation: social-analytics-agent
2026-08-14 15:46:51,621 [INFO] [central] Registered agent implementation: reputation-agent
2026-08-14 15:46:51,621 [INFO] [central] Registered agent implementation: lead-management-agent
2026-08-14 15:46:51,621 [INFO] [central] Registered agent implementation: monthly-report-agent
2026-08-14 15:50:04,936 [INFO] [central] Registered agent implementation: blog-agent
2026-08-14 15:50:04,942 [INFO] [central] Registered agent implementation: corporate-cars-social-agent
2026-08-14 15:50:04,943 [INFO] [central] Registered agent implementation: seo-keyword-agent
2026-08-14 15:50:04,944 [INFO] [central] Registered agent implementation: competitor-analysis-agent
2026-08-14 15:50:04,945 [INFO] [central] Registered agent implementation: seo-content-brief-agent
2026-08-14 15:50:04,945 [INFO] [central] Registered agent implementation: internal-linking-agent
2026-08-14 15:50:04,945 [INFO] [central] Registered agent implementation: seo-audit-agent
2026-08-14 15:50:04,946 [INFO] [central] Registered agent implementation: gsc-agent
2026-08-14 15:50:04,946 [INFO] [central] Registered agent implementation: ga4-reporting-agent
2026-08-14 15:50:04,946 [INFO] [central] Registered agent implementation: google-ads-monitoring-agent
2026-08-14 15:50:04,946 [INFO] [central] Registered agent implementation: google-ads-optimization-agent
2026-08-14 15:50:04,946 [INFO] [central] Registered agent implementation: meta-ads-monitoring-agent
2026-08-14 15:50:04,947 [INFO] [central] Registered agent implementation: social-analytics-agent
2026-08-14 15:50:04,947 [INFO] [central] Registered agent implementation: reputation-agent
2026-08-14 15:50:04,947 [INFO] [central] Registered agent implementation: lead-management-agent
2026-08-14 15:50:04,947 [INFO] [central] Registered agent implementation: monthly-report-agent
2026-08-14 16:07:33,223 [INFO] [central] Registered agent implementation: seo-keyword-agent
2026-08-14 16:07:33,226 [INFO] [central] Registered agent implementation: competitor-analysis-agent
2026-08-14 16:07:33,226 [INFO] [central] Registered agent implementation: seo-content-brief-agent
2026-08-14 16:07:33,227 [INFO] [central] Registered agent implementation: lead-management-agent
2026-08-14 16:07:33,227 [INFO] [central] Registered agent implementation: reputation-agent
2026-08-14 16:07:33,228 [INFO] [central] Registered agent implementation: monthly-report-agent
2026-08-14 16:08:09,972 [INFO] [central] Registered agent implementation: seo-keyword-agent
2026-08-14 16:08:09,975 [INFO] [central] Registered agent implementation: competitor-analysis-agent
2026-08-14 16:08:09,975 [INFO] [central] Registered agent implementation: seo-content-brief-agent
2026-08-14 16:08:09,975 [INFO] [central] Registered agent implementation: lead-management-agent
2026-08-14 16:08:09,975 [INFO] [central] Registered agent implementation: reputation-agent
2026-08-14 16:08:09,975 [INFO] [central] Registered agent implementation: monthly-report-agent
2026-08-14 16:08:50,685 [INFO] [central] Registered agent implementation: seo-keyword-agent
2026-08-14 16:08:50,689 [INFO] [central] Registered agent implementation: competitor-analysis-agent
2026-08-14 16:08:50,689 [INFO] [central] Registered agent implementation: seo-content-brief-agent
2026-08-14 16:08:50,690 [INFO] [central] Registered agent implementation: lead-management-agent
2026-08-14 16:08:50,690 [INFO] [central] Registered agent implementation: reputation-agent
2026-08-14 16:08:50,691 [INFO] [central] Registered agent implementation: monthly-report-agent
2026-08-14 16:08:50,694 [INFO] [central] Created task task-e4da2e39 for agent seo-keyword-agent (Status: QUEUED)
2026-08-14 16:09:35,338 [INFO] [central] Registered agent implementation: seo-keyword-agent
2026-08-14 16:09:35,342 [INFO] [central] Registered agent implementation: competitor-analysis-agent
2026-08-14 16:09:35,342 [INFO] [central] Registered agent implementation: seo-content-brief-agent
2026-08-14 16:09:35,342 [INFO] [central] Registered agent implementation: lead-management-agent
2026-08-14 16:09:35,343 [INFO] [central] Registered agent implementation: reputation-agent
2026-08-14 16:09:35,343 [INFO] [central] Registered agent implementation: monthly-report-agent
2026-08-14 16:09:35,343 [INFO] [central] Created task task-18733a4d for agent seo-keyword-agent (Status: QUEUED)
2026-08-14 16:09:35,344 [INFO] [central] Created task task-dd54ca3d for agent competitor-analysis-agent (Status: QUEUED)
2026-08-14 16:09:35,347 [INFO] [central] Created task task-9b03c243 for agent seo-content-brief-agent (Status: QUEUED)
2026-08-14 16:09:35,350 [INFO] [central] Created task task-c980b28e for agent lead-management-agent (Status: QUEUED)
2026-08-14 16:09:35,353 [INFO] [central] Created task task-bdaf8a48 for agent reputation-agent (Status: QUEUED)
2026-08-14 16:09:35,355 [INFO] [central] Created task task-8b5f5905 for agent monthly-report-agent (Status: QUEUED)
2026-08-14 16:11:45,130 [INFO] [central] Registered agent implementation: seo-keyword-agent
2026-08-14 16:11:45,130 [INFO] [central] Registered agent implementation: competitor-analysis-agent
2026-08-14 16:11:45,130 [INFO] [central] Registered agent implementation: seo-content-brief-agent
2026-08-14 16:11:45,131 [INFO] [central] Registered agent implementation: lead-management-agent
2026-08-14 16:11:45,131 [INFO] [central] Registered agent implementation: reputation-agent
2026-08-14 16:11:45,131 [INFO] [central] Registered agent implementation: monthly-report-agent
2026-08-14 16:11:45,134 [INFO] [central] Created task task-6c63700d for agent seo-keyword-agent (Status: QUEUED)
2026-08-14 16:11:45,138 [INFO] [central] Created task task-d5505061 for agent competitor-analysis-agent (Status: QUEUED)
2026-08-14 16:11:45,141 [INFO] [central] Created task task-c62dcb90 for agent seo-content-brief-agent (Status: QUEUED)
2026-08-14 16:11:45,222 [INFO] [central] Created task task-ebdb0830 for agent lead-management-agent (Status: QUEUED)
2026-08-14 16:11:45,224 [INFO] [central] Created task task-89b663a5 for agent reputation-agent (Status: QUEUED)
2026-08-14 16:11:45,228 [INFO] [central] Created task task-c325d2af for agent monthly-report-agent (Status: QUEUED)
2026-08-15 09:13:06,120 [INFO] [central] Registered agent implementation: blog-agent
2026-08-15 09:13:06,120 [INFO] [central] Registered agent implementation: corporate-cars-social-agent
2026-08-15 09:13:06,127 [INFO] [central] Registered agent implementation: seo-keyword-agent
2026-08-15 09:13:06,127 [INFO] [central] Registered agent implementation: competitor-analysis-agent
2026-08-15 09:13:06,128 [INFO] [central] Registered agent implementation: seo-content-brief-agent
2026-08-15 09:13:06,128 [INFO] [central] Registered agent implementation: internal-linking-agent
2026-08-15 09:13:06,128 [INFO] [central] Registered agent implementation: seo-audit-agent
2026-08-15 09:13:06,128 [INFO] [central] Registered agent implementation: gsc-agent
2026-08-15 09:13:06,128 [INFO] [central] Registered agent implementation: ga4-reporting-agent
2026-08-15 09:13:06,128 [INFO] [central] Registered agent implementation: google-ads-monitoring-agent
2026-08-15 09:13:06,128 [INFO] [central] Registered agent implementation: google-ads-optimization-agent
2026-08-15 09:13:06,128 [INFO] [central] Registered agent implementation: meta-ads-monitoring-agent
2026-08-15 09:13:06,129 [INFO] [central] Registered agent implementation: social-analytics-agent
2026-08-15 09:13:06,129 [INFO] [central] Registered agent implementation: reputation-agent
2026-08-15 09:13:06,129 [INFO] [central] Registered agent implementation: lead-management-agent
2026-08-15 09:13:06,129 [INFO] [central] Registered agent implementation: monthly-report-agent
2026-08-15 09:26:14,859 [INFO] [central] Created task task-bccf9c4f for agent corporate-cars-social-agent (Status: QUEUED)
2026-08-15 09:33:16,430 [INFO] [central] Created task task-cb82d974 for agent blog-agent (Status: QUEUED)
2026-08-15 09:33:50,577 [INFO] [central] Created task task-4588e9aa for agent blog-agent (Status: QUEUED)
2026-08-15 09:43:54,066 [INFO] [central] Registered agent implementation: blog-agent
2026-08-15 09:43:54,067 [INFO] [central] Registered agent implementation: corporate-cars-social-agent
2026-08-15 09:43:54,068 [INFO] [central] Registered agent implementation: seo-keyword-agent
2026-08-15 09:43:54,068 [INFO] [central] Registered agent implementation: competitor-analysis-agent
2026-08-15 09:43:54,068 [INFO] [central] Registered agent implementation: seo-content-brief-agent
2026-08-15 09:43:54,068 [INFO] [central] Registered agent implementation: internal-linking-agent
2026-08-15 09:43:54,068 [INFO] [central] Registered agent implementation: seo-audit-agent
2026-08-15 09:43:54,068 [INFO] [central] Registered agent implementation: gsc-agent
2026-08-15 09:43:54,068 [INFO] [central] Registered agent implementation: ga4-reporting-agent
2026-08-15 09:43:54,068 [INFO] [central] Registered agent implementation: google-ads-monitoring-agent
2026-08-15 09:43:54,068 [INFO] [central] Registered agent implementation: google-ads-optimization-agent
2026-08-15 09:43:54,068 [INFO] [central] Registered agent implementation: meta-ads-monitoring-agent
2026-08-15 09:43:54,068 [INFO] [central] Registered agent implementation: social-analytics-agent
2026-08-15 09:43:54,068 [INFO] [central] Registered agent implementation: reputation-agent
2026-08-15 09:43:54,068 [INFO] [central] Registered agent implementation: lead-management-agent
2026-08-15 09:43:54,068 [INFO] [central] Registered agent implementation: monthly-report-agent
2026-08-15 09:44:39,494 [INFO] [central] Created task task-209291e3 for agent blog-agent (Status: QUEUED)
2026-08-15 09:44:42,612 [INFO] [central] Created task task-5ad094e2 for agent corporate-cars-social-agent (Status: QUEUED)
2026-08-15 09:47:59,780 [INFO] [central] Created task task-27eaaae7 for agent seo-keyword-agent (Status: QUEUED)
2026-08-15 11:42:07,105 [INFO] [central] Registered agent implementation: blog-agent
2026-08-15 11:42:07,105 [INFO] [central] Registered agent implementation: corporate-cars-social-agent
2026-08-15 11:42:07,109 [INFO] [central] Registered agent implementation: seo-keyword-agent
2026-08-15 11:42:07,109 [INFO] [central] Registered agent implementation: competitor-analysis-agent
2026-08-15 11:42:07,109 [INFO] [central] Registered agent implementation: seo-content-brief-agent
2026-08-15 11:42:07,109 [INFO] [central] Registered agent implementation: internal-linking-agent
2026-08-15 11:42:07,110 [INFO] [central] Registered agent implementation: seo-audit-agent
2026-08-15 11:42:07,110 [INFO] [central] Registered agent implementation: gsc-agent
2026-08-15 11:42:07,111 [INFO] [central] Registered agent implementation: ga4-reporting-agent
2026-08-15 11:42:07,111 [INFO] [central] Registered agent implementation: google-ads-monitoring-agent
2026-08-15 11:42:07,111 [INFO] [central] Registered agent implementation: google-ads-optimization-agent
2026-08-15 11:42:07,112 [INFO] [central] Registered agent implementation: meta-ads-monitoring-agent
2026-08-15 11:42:07,112 [INFO] [central] Registered agent implementation: social-analytics-agent
2026-08-15 11:42:07,112 [INFO] [central] Registered agent implementation: reputation-agent
2026-08-15 11:42:07,112 [INFO] [central] Registered agent implementation: lead-management-agent
2026-08-15 11:42:07,112 [INFO] [central] Registered agent implementation: monthly-report-agent
2026-08-15 11:48:40,674 [INFO] [central] Registered agent implementation: blog-agent
2026-08-15 11:48:40,674 [INFO] [central] Registered agent implementation: corporate-cars-social-agent
2026-08-15 11:48:40,675 [INFO] [central] Registered agent implementation: seo-keyword-agent
2026-08-15 11:48:40,675 [INFO] [central] Registered agent implementation: competitor-analysis-agent
2026-08-15 11:48:40,675 [INFO] [central] Registered agent implementation: seo-content-brief-agent
2026-08-15 11:48:40,675 [INFO] [central] Registered agent implementation: internal-linking-agent
2026-08-15 11:48:40,675 [INFO] [central] Registered agent implementation: seo-audit-agent
2026-08-15 11:48:40,675 [INFO] [central] Registered agent implementation: gsc-agent
2026-08-15 11:48:40,675 [INFO] [central] Registered agent implementation: ga4-reporting-agent
2026-08-15 11:48:40,676 [INFO] [central] Registered agent implementation: google-ads-monitoring-agent
2026-08-15 11:48:40,676 [INFO] [central] Registered agent implementation: google-ads-optimization-agent
2026-08-15 11:48:40,676 [INFO] [central] Registered agent implementation: meta-ads-monitoring-agent
2026-08-15 11:48:40,676 [INFO] [central] Registered agent implementation: social-analytics-agent
2026-08-15 11:48:40,677 [INFO] [central] Registered agent implementation: reputation-agent
2026-08-15 11:48:40,677 [INFO] [central] Registered agent implementation: lead-management-agent
2026-08-15 11:48:40,677 [INFO] [central] Registered agent implementation: monthly-report-agent
2026-08-15 11:48:54,816 [INFO] [central] Created task task-d95a14f9 for agent blog-agent (Status: QUEUED)
2026-08-15 11:49:01,063 [INFO] [central] Created task task-a3ae8231 for agent corporate-cars-social-agent (Status: QUEUED)
2026-08-15 11:49:04,208 [INFO] [central] Created task task-9dc3f8ed for agent seo-keyword-agent (Status: QUEUED)
2026-08-15 11:49:35,622 [INFO] [central] Created task task-0eb28715 for agent competitor-analysis-agent (Status: QUEUED)
2026-08-15 11:50:13,510 [INFO] [central] Created task task-b42a5454 for agent competitor-analysis-agent (Status: QUEUED)
2026-08-15 11:51:34,698 [INFO] [central] Created task task-8c9e671a for agent seo-content-brief-agent (Status: QUEUED)
2026-08-15 11:52:15,773 [INFO] [central] Created task task-b1f5f4ae for agent seo-content-brief-agent (Status: QUEUED)
2026-08-15 11:55:49,404 [INFO] [central] Created task task-63b0edbe for agent internal-linking-agent (Status: QUEUED)
2026-08-15 11:56:22,833 [INFO] [central] Created task task-301857f8 for agent seo-audit-agent (Status: QUEUED)
2026-08-15 11:57:44,935 [INFO] [central] Created task task-29c02b61 for agent gsc-agent (Status: QUEUED)
2026-08-15 11:57:44,963 [INFO] [central] Created task task-0f6a2bbc for agent ga4-reporting-agent (Status: QUEUED)
2026-08-15 11:57:44,991 [INFO] [central] Created task task-d08a6e1d for agent google-ads-monitoring-agent (Status: QUEUED)
2026-08-15 11:57:45,017 [INFO] [central] Created task task-fbc98e75 for agent google-ads-optimization-agent (Status: QUEUED)
2026-08-15 11:57:45,045 [INFO] [central] Created task task-8ff5398b for agent meta-ads-monitoring-agent (Status: QUEUED)
2026-08-15 11:57:45,077 [INFO] [central] Created task task-e67a267f for agent social-analytics-agent (Status: QUEUED)
2026-08-15 11:57:45,106 [INFO] [central] Created task task-3a8331e0 for agent reputation-agent (Status: QUEUED)
2026-08-15 11:57:45,133 [INFO] [central] Created task task-1382c77e for agent lead-management-agent (Status: QUEUED)
2026-08-15 11:57:45,159 [INFO] [central] Created task task-4fe1500a for agent monthly-report-agent (Status: QUEUED)
2026-08-15 12:02:19,880 [INFO] [central] Created task task-46e672d4 for agent blog-agent (Status: QUEUED)
2026-08-15 12:21:55,907 [INFO] [central] Registered agent implementation: blog-agent
2026-08-15 12:21:55,907 [INFO] [central] Registered agent implementation: corporate-cars-social-agent
2026-08-15 12:21:55,911 [INFO] [central] Registered agent implementation: seo-keyword-agent
2026-08-15 12:21:55,911 [INFO] [central] Registered agent implementation: competitor-analysis-agent
2026-08-15 12:21:55,911 [INFO] [central] Registered agent implementation: seo-content-brief-agent
2026-08-15 12:21:55,912 [INFO] [central] Registered agent implementation: internal-linking-agent
2026-08-15 12:21:55,912 [INFO] [central] Registered agent implementation: seo-audit-agent
2026-08-15 12:21:55,913 [INFO] [central] Registered agent implementation: gsc-agent
2026-08-15 12:21:55,913 [INFO] [central] Registered agent implementation: ga4-reporting-agent
2026-08-15 12:21:55,914 [INFO] [central] Registered agent implementation: google-ads-monitoring-agent
2026-08-15 12:21:55,914 [INFO] [central] Registered agent implementation: google-ads-optimization-agent
2026-08-15 12:21:55,914 [INFO] [central] Registered agent implementation: meta-ads-monitoring-agent
2026-08-15 12:21:55,915 [INFO] [central] Registered agent implementation: social-analytics-agent
2026-08-15 12:21:55,915 [INFO] [central] Registered agent implementation: reputation-agent
2026-08-15 12:21:55,915 [INFO] [central] Registered agent implementation: lead-management-agent
2026-08-15 12:21:55,915 [INFO] [central] Registered agent implementation: monthly-report-agent
2026-08-15 12:41:50,142 [INFO] [central] Registered agent implementation: blog-agent
2026-08-15 12:41:50,152 [INFO] [central] Registered agent implementation: corporate-cars-social-agent
2026-08-15 12:41:50,153 [INFO] [central] Registered agent implementation: seo-keyword-agent
2026-08-15 12:41:50,154 [INFO] [central] Registered agent implementation: competitor-analysis-agent
2026-08-15 12:41:50,154 [INFO] [central] Registered agent implementation: seo-content-brief-agent
2026-08-15 12:41:50,154 [INFO] [central] Registered agent implementation: internal-linking-agent
2026-08-15 12:41:50,154 [INFO] [central] Registered agent implementation: seo-audit-agent
2026-08-15 12:41:50,154 [INFO] [central] Registered agent implementation: gsc-agent
2026-08-15 12:41:50,154 [INFO] [central] Registered agent implementation: ga4-reporting-agent
2026-08-15 12:41:50,154 [INFO] [central] Registered agent implementation: google-ads-monitoring-agent
2026-08-15 12:41:50,155 [INFO] [central] Registered agent implementation: google-ads-optimization-agent
2026-08-15 12:41:50,155 [INFO] [central] Registered agent implementation: meta-ads-monitoring-agent
2026-08-15 12:41:50,155 [INFO] [central] Registered agent implementation: social-analytics-agent
2026-08-15 12:41:50,156 [INFO] [central] Registered agent implementation: reputation-agent
2026-08-15 12:41:50,156 [INFO] [central] Registered agent implementation: lead-management-agent
2026-08-15 12:41:50,156 [INFO] [central] Registered agent implementation: monthly-report-agent
2026-08-15 12:53:56,250 [INFO] [central] Registered agent implementation: blog-agent
2026-08-15 12:53:56,250 [INFO] [central] Registered agent implementation: corporate-cars-social-agent
2026-08-15 12:53:56,250 [INFO] [central] Registered agent implementation: seo-keyword-agent
2026-08-15 12:53:56,251 [INFO] [central] Registered agent implementation: competitor-analysis-agent
2026-08-15 12:53:56,251 [INFO] [central] Registered agent implementation: seo-content-brief-agent
2026-08-15 12:53:56,251 [INFO] [central] Registered agent implementation: internal-linking-agent
2026-08-15 12:53:56,251 [INFO] [central] Registered agent implementation: seo-audit-agent
2026-08-15 12:53:56,251 [INFO] [central] Registered agent implementation: gsc-agent
2026-08-15 12:53:56,252 [INFO] [central] Registered agent implementation: ga4-reporting-agent
2026-08-15 12:53:56,252 [INFO] [central] Registered agent implementation: google-ads-monitoring-agent
2026-08-15 12:53:56,252 [INFO] [central] Registered agent implementation: google-ads-optimization-agent
2026-08-15 12:53:56,252 [INFO] [central] Registered agent implementation: meta-ads-monitoring-agent
2026-08-15 12:53:56,253 [INFO] [central] Registered agent implementation: social-analytics-agent
2026-08-15 12:53:56,253 [INFO] [central] Registered agent implementation: reputation-agent
2026-08-15 12:53:56,253 [INFO] [central] Registered agent implementation: lead-management-agent
2026-08-15 12:53:56,253 [INFO] [central] Registered agent implementation: monthly-report-agent
2026-08-15 13:10:59,569 [INFO] [central] Registered agent implementation: blog-agent
2026-08-15 13:10:59,569 [INFO] [central] Registered agent implementation: corporate-cars-social-agent
2026-08-15 13:10:59,569 [INFO] [central] Registered agent implementation: seo-keyword-agent
2026-08-15 13:10:59,569 [INFO] [central] Registered agent implementation: competitor-analysis-agent
2026-08-15 13:10:59,569 [INFO] [central] Registered agent implementation: seo-content-brief-agent
2026-08-15 13:10:59,572 [INFO] [central] Registered agent implementation: internal-linking-agent
2026-08-15 13:10:59,572 [INFO] [central] Registered agent implementation: seo-audit-agent
2026-08-15 13:10:59,572 [INFO] [central] Registered agent implementation: gsc-agent
2026-08-15 13:10:59,572 [INFO] [central] Registered agent implementation: ga4-reporting-agent
2026-08-15 13:10:59,573 [INFO] [central] Registered agent implementation: google-ads-monitoring-agent
2026-08-15 13:10:59,573 [INFO] [central] Registered agent implementation: google-ads-optimization-agent
2026-08-15 13:10:59,573 [INFO] [central] Registered agent implementation: meta-ads-monitoring-agent
2026-08-15 13:10:59,573 [INFO] [central] Registered agent implementation: social-analytics-agent
2026-08-15 13:10:59,573 [INFO] [central] Registered agent implementation: reputation-agent
2026-08-15 13:10:59,573 [INFO] [central] Registered agent implementation: lead-management-agent
2026-08-15 13:10:59,573 [INFO] [central] Registered agent implementation: monthly-report-agent
2026-08-15 16:08:13,368 [INFO] [central] Created task task-7bf1f38b for agent internal-linking-agent (Status: QUEUED)
2026-08-15 16:08:53,532 [INFO] [central] Registered agent implementation: blog-agent
2026-08-15 16:08:53,532 [INFO] [central] Registered agent implementation: corporate-cars-social-agent
2026-08-15 16:08:53,534 [INFO] [central] Registered agent implementation: seo-keyword-agent
2026-08-15 16:08:53,534 [INFO] [central] Registered agent implementation: competitor-analysis-agent
2026-08-15 16:08:53,534 [INFO] [central] Registered agent implementation: seo-content-brief-agent
2026-08-15 16:08:53,534 [INFO] [central] Registered agent implementation: internal-linking-agent
2026-08-15 16:08:53,534 [INFO] [central] Registered agent implementation: seo-audit-agent
2026-08-15 16:08:53,535 [INFO] [central] Registered agent implementation: gsc-agent
2026-08-15 16:08:53,535 [INFO] [central] Registered agent implementation: ga4-reporting-agent
2026-08-15 16:08:53,535 [INFO] [central] Registered agent implementation: google-ads-monitoring-agent
2026-08-15 16:08:53,536 [INFO] [central] Registered agent implementation: google-ads-optimization-agent
2026-08-15 16:08:53,536 [INFO] [central] Registered agent implementation: meta-ads-monitoring-agent
2026-08-15 16:08:53,536 [INFO] [central] Registered agent implementation: social-analytics-agent
2026-08-15 16:08:53,536 [INFO] [central] Registered agent implementation: reputation-agent
2026-08-15 16:08:53,536 [INFO] [central] Registered agent implementation: lead-management-agent
2026-08-15 16:08:53,536 [INFO] [central] Registered agent implementation: monthly-report-agent
2026-08-15 16:10:03,979 [INFO] [central] Created task task-69b7dcd1 for agent internal-linking-agent (Status: QUEUED)
2026-08-15 18:07:49,335 [INFO] [central] Created task task-ac01d011 for agent gsc-agent (Status: QUEUED)
2026-08-15 18:08:20,986 [INFO] [central] Registered agent implementation: blog-agent
2026-08-15 18:08:20,986 [INFO] [central] Registered agent implementation: corporate-cars-social-agent
2026-08-15 18:08:20,990 [INFO] [central] Registered agent implementation: seo-keyword-agent
2026-08-15 18:08:20,990 [INFO] [central] Registered agent implementation: competitor-analysis-agent
2026-08-15 18:08:20,991 [INFO] [central] Registered agent implementation: seo-content-brief-agent
2026-08-15 18:08:20,992 [INFO] [central] Registered agent implementation: internal-linking-agent
2026-08-15 18:08:20,992 [INFO] [central] Registered agent implementation: seo-audit-agent
2026-08-15 18:08:20,992 [INFO] [central] Registered agent implementation: gsc-agent
2026-08-15 18:08:20,993 [INFO] [central] Registered agent implementation: ga4-reporting-agent
2026-08-15 18:08:20,993 [INFO] [central] Registered agent implementation: google-ads-monitoring-agent
2026-08-15 18:08:20,994 [INFO] [central] Registered agent implementation: google-ads-optimization-agent
2026-08-15 18:08:20,994 [INFO] [central] Registered agent implementation: meta-ads-monitoring-agent
2026-08-15 18:08:20,995 [INFO] [central] Registered agent implementation: social-analytics-agent
2026-08-15 18:08:20,995 [INFO] [central] Registered agent implementation: reputation-agent
2026-08-15 18:08:20,995 [INFO] [central] Registered agent implementation: lead-management-agent
2026-08-15 18:08:20,996 [INFO] [central] Registered agent implementation: monthly-report-agent
2026-08-15 18:08:46,645 [INFO] [central] Created task task-509cd353 for agent gsc-agent (Status: QUEUED)
2026-08-15 18:09:02,550 [INFO] [central] Created task task-e341a2fb for agent gsc-agent (Status: QUEUED)
2026-08-15 18:09:14,581 [INFO] [central] Created task task-f68e3095 for agent gsc-agent (Status: QUEUED)
2026-08-15 18:10:03,234 [INFO] [central] Registered agent implementation: blog-agent
2026-08-15 18:10:03,241 [INFO] [central] Registered agent implementation: corporate-cars-social-agent
2026-08-15 18:10:03,241 [INFO] [central] Registered agent implementation: seo-keyword-agent
2026-08-15 18:10:03,241 [INFO] [central] Registered agent implementation: competitor-analysis-agent
2026-08-15 18:10:03,241 [INFO] [central] Registered agent implementation: seo-content-brief-agent
2026-08-15 18:10:03,241 [INFO] [central] Registered agent implementation: internal-linking-agent
2026-08-15 18:10:03,241 [INFO] [central] Registered agent implementation: seo-audit-agent
2026-08-15 18:10:03,242 [INFO] [central] Registered agent implementation: gsc-agent
2026-08-15 18:10:03,242 [INFO] [central] Registered agent implementation: ga4-reporting-agent
2026-08-15 18:10:03,242 [INFO] [central] Registered agent implementation: google-ads-monitoring-agent
2026-08-15 18:10:03,242 [INFO] [central] Registered agent implementation: google-ads-optimization-agent
2026-08-15 18:10:03,243 [INFO] [central] Registered agent implementation: meta-ads-monitoring-agent
2026-08-15 18:10:03,243 [INFO] [central] Registered agent implementation: social-analytics-agent
2026-08-15 18:10:03,243 [INFO] [central] Registered agent implementation: reputation-agent
2026-08-15 18:10:03,243 [INFO] [central] Registered agent implementation: lead-management-agent
2026-08-15 18:10:03,243 [INFO] [central] Registered agent implementation: monthly-report-agent
2026-08-15 18:10:11,306 [INFO] [central] Created task task-1ff19be5 for agent gsc-agent (Status: QUEUED)
2026-08-15 18:14:59,145 [INFO] [central] Created task task-cf317b62 for agent gsc-agent (Status: QUEUED)
2026-08-15 18:32:36,829 [INFO] [central] Created task task-a378d15f for agent ga4-reporting-agent (Status: QUEUED)
2026-08-15 18:33:06,343 [INFO] [central] Registered agent implementation: blog-agent
2026-08-15 18:33:06,343 [INFO] [central] Registered agent implementation: corporate-cars-social-agent
2026-08-15 18:33:06,348 [INFO] [central] Registered agent implementation: seo-keyword-agent
2026-08-15 18:33:06,348 [INFO] [central] Registered agent implementation: competitor-analysis-agent
2026-08-15 18:33:06,348 [INFO] [central] Registered agent implementation: seo-content-brief-agent
2026-08-15 18:33:06,348 [INFO] [central] Registered agent implementation: internal-linking-agent
2026-08-15 18:33:06,348 [INFO] [central] Registered agent implementation: seo-audit-agent
2026-08-15 18:33:06,348 [INFO] [central] Registered agent implementation: gsc-agent
2026-08-15 18:33:06,348 [INFO] [central] Registered agent implementation: ga4-reporting-agent
2026-08-15 18:33:06,348 [INFO] [central] Registered agent implementation: google-ads-monitoring-agent
2026-08-15 18:33:06,349 [INFO] [central] Registered agent implementation: google-ads-optimization-agent
2026-08-15 18:33:06,349 [INFO] [central] Registered agent implementation: meta-ads-monitoring-agent
2026-08-15 18:33:06,349 [INFO] [central] Registered agent implementation: social-analytics-agent
2026-08-15 18:33:06,349 [INFO] [central] Registered agent implementation: reputation-agent
2026-08-15 18:33:06,349 [INFO] [central] Registered agent implementation: lead-management-agent
2026-08-15 18:33:06,349 [INFO] [central] Registered agent implementation: monthly-report-agent
2026-08-15 18:33:23,931 [INFO] [central] Created task task-cb737061 for agent ga4-reporting-agent (Status: QUEUED)
2026-08-15 18:35:32,360 [INFO] [central] Created task task-a775a5ba for agent ga4-reporting-agent (Status: QUEUED)
2026-08-15 18:41:29,996 [INFO] [central] Registered agent implementation: blog-agent
2026-08-15 18:41:29,996 [INFO] [central] Registered agent implementation: corporate-cars-social-agent
2026-08-15 18:41:30,000 [INFO] [central] Registered agent implementation: seo-keyword-agent
2026-08-15 18:41:30,000 [INFO] [central] Registered agent implementation: competitor-analysis-agent
2026-08-15 18:41:30,000 [INFO] [central] Registered agent implementation: seo-content-brief-agent
2026-08-15 18:41:30,000 [INFO] [central] Registered agent implementation: internal-linking-agent
2026-08-15 18:41:30,000 [INFO] [central] Registered agent implementation: seo-audit-agent
2026-08-15 18:41:30,000 [INFO] [central] Registered agent implementation: gsc-agent
2026-08-15 18:41:30,001 [INFO] [central] Registered agent implementation: ga4-reporting-agent
2026-08-15 18:41:30,001 [INFO] [central] Registered agent implementation: google-ads-monitoring-agent
2026-08-15 18:41:30,001 [INFO] [central] Registered agent implementation: google-ads-optimization-agent
2026-08-15 18:41:30,002 [INFO] [central] Registered agent implementation: meta-ads-monitoring-agent
2026-08-15 18:41:30,002 [INFO] [central] Registered agent implementation: social-analytics-agent
2026-08-15 18:41:30,002 [INFO] [central] Registered agent implementation: reputation-agent
2026-08-15 18:41:30,002 [INFO] [central] Registered agent implementation: lead-management-agent
2026-08-15 18:41:30,002 [INFO] [central] Registered agent implementation: monthly-report-agent
2026-08-15 18:55:36,795 [INFO] [central] Registered agent implementation: blog-agent
2026-08-15 18:55:36,795 [INFO] [central] Registered agent implementation: corporate-cars-social-agent
2026-08-15 18:55:36,799 [INFO] [central] Registered agent implementation: seo-keyword-agent
2026-08-15 18:55:36,799 [INFO] [central] Registered agent implementation: competitor-analysis-agent
2026-08-15 18:55:36,799 [INFO] [central] Registered agent implementation: seo-content-brief-agent
2026-08-15 18:55:36,799 [INFO] [central] Registered agent implementation: internal-linking-agent
2026-08-15 18:55:36,800 [INFO] [central] Registered agent implementation: seo-audit-agent
2026-08-15 18:55:36,800 [INFO] [central] Registered agent implementation: gsc-agent
2026-08-15 18:55:36,800 [INFO] [central] Registered agent implementation: ga4-reporting-agent
2026-08-15 18:55:36,800 [INFO] [central] Registered agent implementation: google-ads-monitoring-agent
2026-08-15 18:55:36,800 [INFO] [central] Registered agent implementation: google-ads-optimization-agent
2026-08-15 18:55:36,800 [INFO] [central] Registered agent implementation: meta-ads-monitoring-agent
2026-08-15 18:55:36,801 [INFO] [central] Registered agent implementation: social-analytics-agent
2026-08-15 18:55:36,801 [INFO] [central] Registered agent implementation: reputation-agent
2026-08-15 18:55:36,802 [INFO] [central] Registered agent implementation: lead-management-agent
2026-08-15 18:55:36,802 [INFO] [central] Registered agent implementation: monthly-report-agent
2026-08-15 18:55:36,802 [INFO] [central] Registered agent implementation: external-link-building-agent
2026-08-15 18:55:46,718 [INFO] [central] Created task task-988f295b for agent external-link-building-agent (Status: QUEUED)
2026-08-15 19:10:44,841 [INFO] [central] Registered agent implementation: blog-agent
2026-08-15 19:10:44,841 [INFO] [central] Registered agent implementation: corporate-cars-social-agent
2026-08-15 19:10:44,841 [INFO] [central] Registered agent implementation: seo-keyword-agent
2026-08-15 19:10:44,842 [INFO] [central] Registered agent implementation: competitor-analysis-agent
2026-08-15 19:10:44,842 [INFO] [central] Registered agent implementation: seo-content-brief-agent
2026-08-15 19:10:44,842 [INFO] [central] Registered agent implementation: internal-linking-agent
2026-08-15 19:10:44,843 [INFO] [central] Registered agent implementation: seo-audit-agent
2026-08-15 19:10:44,843 [INFO] [central] Registered agent implementation: gsc-agent
2026-08-15 19:10:44,843 [INFO] [central] Registered agent implementation: ga4-reporting-agent
2026-08-15 19:10:44,843 [INFO] [central] Registered agent implementation: google-ads-monitoring-agent
2026-08-15 19:10:44,843 [INFO] [central] Registered agent implementation: google-ads-optimization-agent
2026-08-15 19:10:44,843 [INFO] [central] Registered agent implementation: meta-ads-monitoring-agent
2026-08-15 19:10:44,843 [INFO] [central] Registered agent implementation: social-analytics-agent
2026-08-15 19:10:44,843 [INFO] [central] Registered agent implementation: reputation-agent
2026-08-15 19:10:44,843 [INFO] [central] Registered agent implementation: lead-management-agent
2026-08-15 19:10:44,843 [INFO] [central] Registered agent implementation: monthly-report-agent
2026-08-15 19:10:44,843 [INFO] [central] Registered agent implementation: external-link-building-agent
2026-08-15 19:10:44,963 [INFO] [central] Registered agent implementation: competitor-analysis-agent
2026-08-15 19:10:44,965 [INFO] [central] Registered agent implementation: competitor-analysis-agent
2026-08-15 19:10:44,981 [INFO] [central] Created task task-7606b7da for agent competitor-analysis-agent (Status: QUEUED)
2026-08-15 19:10:45,007 [INFO] [central] Registered agent implementation: competitor-analysis-agent
2026-08-15 19:10:45,012 [INFO] [central] Created task task-f8665c83 for agent competitor-analysis-agent (Status: QUEUED)
2026-08-15 19:10:45,031 [INFO] [central] Registered agent implementation: competitor-analysis-agent
2026-08-15 19:10:45,050 [INFO] [central] Created task task-e30dd743 for agent blog-agent (Status: AWAITING_APPROVAL)
2026-08-15 19:10:45,058 [INFO] [central] Task task-e30dd743 approved by test_admin
2026-08-15 19:10:45,067 [INFO] [central] Created task task-7b6e3b07 for agent blog-agent (Status: QUEUED)
2026-08-15 19:10:45,087 [INFO] [central] Created task task-2cb392e2 for agent external-link-building-agent (Status: QUEUED)
2026-08-15 19:10:45,104 [INFO] [central] Created task task-a54786d4 for agent external-link-building-agent (Status: QUEUED)
2026-08-15 19:10:50,751 [INFO] [central] Registered agent implementation: ga4-reporting-agent
2026-08-15 19:10:50,753 [INFO] [central] Registered agent implementation: ga4-reporting-agent
2026-08-15 19:10:50,761 [INFO] [central] Created task task-45b9e245 for agent ga4-reporting-agent (Status: QUEUED)
2026-08-15 19:10:51,280 [INFO] [central] Registered agent implementation: ga4-reporting-agent
2026-08-15 19:10:51,284 [INFO] [central] Created task task-37425815 for agent ga4-reporting-agent (Status: QUEUED)
2026-08-15 19:10:51,335 [INFO] [central] Registered agent implementation: ga4-reporting-agent
2026-08-15 19:10:51,392 [INFO] [central] Registered agent implementation: google-ads-monitoring-agent
2026-08-15 19:10:51,394 [INFO] [central] Registered agent implementation: google-ads-monitoring-agent
2026-08-15 19:10:51,401 [INFO] [central] Created task task-64a19a97 for agent google-ads-monitoring-agent (Status: QUEUED)
2026-08-15 19:10:51,420 [INFO] [central] Registered agent implementation: google-ads-monitoring-agent
2026-08-15 19:10:51,424 [INFO] [central] Created task task-ae56a7b3 for agent google-ads-monitoring-agent (Status: QUEUED)
2026-08-15 19:10:51,437 [INFO] [central] Registered agent implementation: google-ads-monitoring-agent
2026-08-15 19:10:51,440 [INFO] [central] Registered agent implementation: google-ads-monitoring-agent
2026-08-15 19:10:51,442 [INFO] [central] Registered agent implementation: google-ads-optimization-agent
2026-08-15 19:10:51,444 [INFO] [central] Registered agent implementation: google-ads-optimization-agent
2026-08-15 19:10:51,453 [INFO] [central] Created task task-f307d9ff for agent google-ads-optimization-agent (Status: QUEUED)
2026-08-15 19:10:51,475 [INFO] [central] Registered agent implementation: google-ads-optimization-agent
2026-08-15 19:10:51,481 [INFO] [central] Created task task-f50d6cbb for agent google-ads-optimization-agent (Status: QUEUED)
2026-08-15 19:10:51,501 [INFO] [central] Registered agent implementation: google-ads-optimization-agent
2026-08-15 19:10:51,503 [INFO] [central] Registered agent implementation: gsc-agent
2026-08-15 19:10:51,505 [INFO] [central] Registered agent implementation: gsc-agent
2026-08-15 19:10:51,518 [INFO] [central] Created task task-4ed3bb44 for agent gsc-agent (Status: QUEUED)
2026-08-15 19:10:53,844 [INFO] [central] Registered agent implementation: gsc-agent
2026-08-15 19:10:53,849 [INFO] [central] Created task task-1740e413 for agent gsc-agent (Status: QUEUED)
2026-08-15 19:10:55,766 [INFO] [central] Registered agent implementation: gsc-agent
2026-08-15 19:10:57,511 [INFO] [central] Registered agent implementation: internal-linking-agent
2026-08-15 19:10:57,513 [INFO] [central] Registered agent implementation: internal-linking-agent
2026-08-15 19:10:57,521 [INFO] [central] Created task task-d7c26eae for agent internal-linking-agent (Status: QUEUED)
2026-08-15 19:10:57,545 [INFO] [central] Registered agent implementation: internal-linking-agent
2026-08-15 19:10:57,551 [INFO] [central] Created task task-f0e0cd82 for agent internal-linking-agent (Status: QUEUED)
2026-08-15 19:10:57,564 [INFO] [central] Registered agent implementation: internal-linking-agent
2026-08-15 19:10:57,569 [INFO] [central] Registered agent implementation: lead-management-agent
2026-08-15 19:10:57,571 [INFO] [central] Registered agent implementation: lead-management-agent
2026-08-15 19:10:57,578 [INFO] [central] Created task task-5e72a8a4 for agent lead-management-agent (Status: QUEUED)
2026-08-15 19:10:57,604 [INFO] [central] Registered agent implementation: lead-management-agent
2026-08-15 19:10:57,610 [INFO] [central] Created task task-0b94a3eb for agent lead-management-agent (Status: QUEUED)
2026-08-15 19:10:57,624 [INFO] [central] Registered agent implementation: lead-management-agent
2026-08-15 19:10:57,626 [INFO] [central] Registered agent implementation: lead-management-agent
2026-08-15 19:10:57,627 [INFO] [central] Registered agent implementation: meta-ads-monitoring-agent
2026-08-15 19:10:57,629 [INFO] [central] Registered agent implementation: meta-ads-monitoring-agent
2026-08-15 19:10:57,637 [INFO] [central] Created task task-61005593 for agent meta-ads-monitoring-agent (Status: QUEUED)
2026-08-15 19:10:57,661 [INFO] [central] Registered agent implementation: meta-ads-monitoring-agent
2026-08-15 19:10:57,668 [INFO] [central] Created task task-2a98d865 for agent meta-ads-monitoring-agent (Status: QUEUED)
2026-08-15 19:10:57,682 [INFO] [central] Registered agent implementation: meta-ads-monitoring-agent
2026-08-15 19:10:57,684 [INFO] [central] Registered agent implementation: meta-ads-monitoring-agent
2026-08-15 19:10:57,687 [INFO] [central] Registered agent implementation: monthly-report-agent
2026-08-15 19:10:57,688 [INFO] [central] Registered agent implementation: monthly-report-agent
2026-08-15 19:10:57,707 [INFO] [central] Created task task-bd8c3740 for agent monthly-report-agent (Status: QUEUED)
2026-08-15 19:10:57,732 [INFO] [central] Registered agent implementation: monthly-report-agent
2026-08-15 19:10:57,740 [INFO] [central] Created task task-53e46fe4 for agent monthly-report-agent (Status: QUEUED)
2026-08-15 19:10:57,755 [INFO] [central] Registered agent implementation: monthly-report-agent
2026-08-15 19:10:57,758 [INFO] [central] Registered agent implementation: reputation-agent
2026-08-15 19:10:57,760 [INFO] [central] Registered agent implementation: reputation-agent
2026-08-15 19:10:57,795 [INFO] [central] Created task task-cef34bc9 for agent reputation-agent (Status: QUEUED)
2026-08-15 19:10:57,829 [INFO] [central] Registered agent implementation: reputation-agent
2026-08-15 19:10:57,837 [INFO] [central] Created task task-1ea0633e for agent reputation-agent (Status: QUEUED)
2026-08-15 19:10:57,855 [INFO] [central] Registered agent implementation: reputation-agent
2026-08-15 19:10:57,858 [INFO] [central] Registered agent implementation: reputation-agent
2026-08-15 19:10:57,860 [INFO] [central] Registered agent implementation: seo-audit-agent
2026-08-15 19:10:57,861 [INFO] [central] Registered agent implementation: seo-audit-agent
2026-08-15 19:10:57,870 [INFO] [central] Created task task-72ba6b32 for agent seo-audit-agent (Status: QUEUED)
2026-08-15 19:10:57,890 [INFO] [central] Registered agent implementation: seo-audit-agent
2026-08-15 19:10:57,896 [INFO] [central] Created task task-7679b789 for agent seo-audit-agent (Status: QUEUED)
2026-08-15 19:10:57,912 [INFO] [central] Registered agent implementation: seo-audit-agent
2026-08-15 19:10:57,914 [INFO] [central] Registered agent implementation: seo-content-brief-agent
2026-08-15 19:10:57,916 [INFO] [central] Registered agent implementation: seo-content-brief-agent
2026-08-15 19:10:57,924 [INFO] [central] Created task task-be51b4b8 for agent seo-content-brief-agent (Status: QUEUED)
2026-08-15 19:10:57,949 [INFO] [central] Registered agent implementation: seo-content-brief-agent
2026-08-15 19:10:57,956 [INFO] [central] Created task task-a73b9959 for agent seo-content-brief-agent (Status: QUEUED)
2026-08-15 19:10:57,982 [INFO] [central] Registered agent implementation: seo-content-brief-agent
2026-08-15 19:10:57,984 [INFO] [central] Registered agent implementation: seo-keyword-agent
2026-08-15 19:10:57,986 [INFO] [central] Registered agent implementation: seo-keyword-agent
2026-08-15 19:10:57,994 [INFO] [central] Created task task-03310b36 for agent seo-keyword-agent (Status: QUEUED)
2026-08-15 19:10:58,018 [INFO] [central] Registered agent implementation: seo-keyword-agent
2026-08-15 19:10:58,025 [INFO] [central] Created task task-3d1ac661 for agent seo-keyword-agent (Status: QUEUED)
2026-08-15 19:10:58,039 [INFO] [central] Registered agent implementation: seo-keyword-agent
2026-08-15 19:10:58,041 [INFO] [central] Registered agent implementation: social-analytics-agent
2026-08-15 19:10:58,043 [INFO] [central] Registered agent implementation: social-analytics-agent
2026-08-15 19:10:58,054 [INFO] [central] Created task task-f054eefa for agent social-analytics-agent (Status: QUEUED)
2026-08-15 19:10:58,079 [INFO] [central] Registered agent implementation: social-analytics-agent
2026-08-15 19:10:58,086 [INFO] [central] Created task task-0ce8a98a for agent social-analytics-agent (Status: QUEUED)
2026-08-15 19:10:58,104 [INFO] [central] Registered agent implementation: social-analytics-agent
2026-08-15 19:10:58,108 [INFO] [central] Registered agent implementation: blog-agent
2026-08-15 19:10:58,114 [INFO] [central] Created task task-2716fbb8 for agent blog-agent (Status: QUEUED)
2026-08-15 19:11:00,672 [INFO] [central] Registered agent implementation: blog-agent
2026-08-15 19:11:00,677 [INFO] [central] Created task task-c2ad661b for agent blog-agent (Status: AWAITING_APPROVAL)
2026-08-15 19:11:00,677 [INFO] [central] Task task-c2ad661b approved by admin
2026-08-15 19:11:02,346 [INFO] [central] Registered agent implementation: blog-agent
2026-08-15 19:11:02,354 [INFO] [central] Created task task-dca7fa76 for agent blog-agent (Status: AWAITING_APPROVAL)
2026-08-15 19:11:02,354 [INFO] [central] Task task-dca7fa76 rejected by manager
2026-08-15 19:11:26,518 [INFO] [central] Registered agent implementation: blog-agent
2026-08-15 19:11:26,518 [INFO] [central] Registered agent implementation: corporate-cars-social-agent
2026-08-15 19:11:26,518 [INFO] [central] Registered agent implementation: seo-keyword-agent
2026-08-15 19:11:26,518 [INFO] [central] Registered agent implementation: competitor-analysis-agent
2026-08-15 19:11:26,518 [INFO] [central] Registered agent implementation: seo-content-brief-agent
2026-08-15 19:11:26,519 [INFO] [central] Registered agent implementation: internal-linking-agent
2026-08-15 19:11:26,519 [INFO] [central] Registered agent implementation: seo-audit-agent
2026-08-15 19:11:26,519 [INFO] [central] Registered agent implementation: gsc-agent
2026-08-15 19:11:26,519 [INFO] [central] Registered agent implementation: ga4-reporting-agent
2026-08-15 19:11:26,519 [INFO] [central] Registered agent implementation: google-ads-monitoring-agent
2026-08-15 19:11:26,519 [INFO] [central] Registered agent implementation: google-ads-optimization-agent
2026-08-15 19:11:26,519 [INFO] [central] Registered agent implementation: meta-ads-monitoring-agent
2026-08-15 19:11:26,519 [INFO] [central] Registered agent implementation: social-analytics-agent
2026-08-15 19:11:26,519 [INFO] [central] Registered agent implementation: reputation-agent
2026-08-15 19:11:26,519 [INFO] [central] Registered agent implementation: lead-management-agent
2026-08-15 19:11:26,519 [INFO] [central] Registered agent implementation: monthly-report-agent
2026-08-15 19:11:26,519 [INFO] [central] Registered agent implementation: external-link-building-agent
2026-08-15 19:11:26,587 [INFO] [central] Registered agent implementation: competitor-analysis-agent
2026-08-15 19:11:26,590 [INFO] [central] Registered agent implementation: competitor-analysis-agent
2026-08-15 19:11:26,606 [INFO] [central] Created task task-2ae17b8a for agent competitor-analysis-agent (Status: QUEUED)
2026-08-15 19:11:26,625 [INFO] [central] Registered agent implementation: competitor-analysis-agent
2026-08-15 19:11:26,630 [INFO] [central] Created task task-bf646442 for agent competitor-analysis-agent (Status: QUEUED)
2026-08-15 19:11:26,643 [INFO] [central] Registered agent implementation: competitor-analysis-agent
2026-08-15 19:11:26,667 [INFO] [central] Created task task-508b5ca5 for agent blog-agent (Status: AWAITING_APPROVAL)
2026-08-15 19:11:26,675 [INFO] [central] Task task-508b5ca5 approved by test_admin
2026-08-15 19:11:26,686 [INFO] [central] Created task task-8b797b3d for agent blog-agent (Status: QUEUED)
2026-08-15 19:11:26,705 [INFO] [central] Created task task-9901067e for agent external-link-building-agent (Status: QUEUED)
2026-08-15 19:11:26,717 [INFO] [central] Created task task-4fefc370 for agent external-link-building-agent (Status: QUEUED)
2026-08-15 19:11:29,026 [INFO] [central] Registered agent implementation: ga4-reporting-agent
2026-08-15 19:11:29,027 [INFO] [central] Registered agent implementation: ga4-reporting-agent
2026-08-15 19:11:29,035 [INFO] [central] Created task task-0647b8f4 for agent ga4-reporting-agent (Status: QUEUED)
2026-08-15 19:11:29,300 [INFO] [central] Registered agent implementation: ga4-reporting-agent
2026-08-15 19:11:29,306 [INFO] [central] Created task task-ea1c0dc0 for agent ga4-reporting-agent (Status: QUEUED)
2026-08-15 19:11:29,380 [INFO] [central] Registered agent implementation: ga4-reporting-agent
2026-08-15 19:11:29,416 [INFO] [central] Registered agent implementation: google-ads-monitoring-agent
2026-08-15 19:11:29,417 [INFO] [central] Registered agent implementation: google-ads-monitoring-agent
2026-08-15 19:11:29,429 [INFO] [central] Created task task-13220d6d for agent google-ads-monitoring-agent (Status: QUEUED)
2026-08-15 19:11:29,450 [INFO] [central] Registered agent implementation: google-ads-monitoring-agent
2026-08-15 19:11:29,457 [INFO] [central] Created task task-196ea0c1 for agent google-ads-monitoring-agent (Status: QUEUED)
2026-08-15 19:11:29,474 [INFO] [central] Registered agent implementation: google-ads-monitoring-agent
2026-08-15 19:11:29,476 [INFO] [central] Registered agent implementation: google-ads-monitoring-agent
2026-08-15 19:11:29,478 [INFO] [central] Registered agent implementation: google-ads-optimization-agent
2026-08-15 19:11:29,480 [INFO] [central] Registered agent implementation: google-ads-optimization-agent
2026-08-15 19:11:29,491 [INFO] [central] Created task task-a3acc05b for agent google-ads-optimization-agent (Status: QUEUED)
2026-08-15 19:11:29,510 [INFO] [central] Registered agent implementation: google-ads-optimization-agent
2026-08-15 19:11:29,518 [INFO] [central] Created task task-ce50c4d7 for agent google-ads-optimization-agent (Status: QUEUED)
2026-08-15 19:11:29,541 [INFO] [central] Registered agent implementation: google-ads-optimization-agent
2026-08-15 19:11:29,547 [INFO] [central] Registered agent implementation: gsc-agent
2026-08-15 19:11:29,549 [INFO] [central] Registered agent implementation: gsc-agent
2026-08-15 19:11:29,559 [INFO] [central] Created task task-0dfe6f23 for agent gsc-agent (Status: QUEUED)
2026-08-15 19:11:31,207 [INFO] [central] Registered agent implementation: gsc-agent
2026-08-15 19:11:31,262 [INFO] [central] Created task task-8e40de13 for agent gsc-agent (Status: QUEUED)
2026-08-15 19:11:32,437 [INFO] [central] Registered agent implementation: gsc-agent
2026-08-15 19:11:34,095 [INFO] [central] Registered agent implementation: internal-linking-agent
2026-08-15 19:11:34,098 [INFO] [central] Registered agent implementation: internal-linking-agent
2026-08-15 19:11:34,145 [INFO] [central] Created task task-1613dc4b for agent internal-linking-agent (Status: QUEUED)
2026-08-15 19:11:34,166 [INFO] [central] Registered agent implementation: internal-linking-agent
2026-08-15 19:11:34,176 [INFO] [central] Created task task-cb1dde8f for agent internal-linking-agent (Status: QUEUED)
2026-08-15 19:11:34,211 [INFO] [central] Registered agent implementation: internal-linking-agent
2026-08-15 19:11:34,216 [INFO] [central] Registered agent implementation: lead-management-agent
2026-08-15 19:11:34,219 [INFO] [central] Registered agent implementation: lead-management-agent
2026-08-15 19:11:34,235 [INFO] [central] Created task task-882b5e1c for agent lead-management-agent (Status: QUEUED)
2026-08-15 19:11:34,256 [INFO] [central] Registered agent implementation: lead-management-agent
2026-08-15 19:11:34,263 [INFO] [central] Created task task-28122ca5 for agent lead-management-agent (Status: QUEUED)
2026-08-15 19:11:34,276 [INFO] [central] Registered agent implementation: lead-management-agent
2026-08-15 19:11:34,278 [INFO] [central] Registered agent implementation: lead-management-agent
2026-08-15 19:11:34,281 [INFO] [central] Registered agent implementation: meta-ads-monitoring-agent
2026-08-15 19:11:34,282 [INFO] [central] Registered agent implementation: meta-ads-monitoring-agent
2026-08-15 19:11:34,315 [INFO] [central] Created task task-8bb10a4d for agent meta-ads-monitoring-agent (Status: QUEUED)
2026-08-15 19:11:34,336 [INFO] [central] Registered agent implementation: meta-ads-monitoring-agent
2026-08-15 19:11:34,343 [INFO] [central] Created task task-cbd1d93c for agent meta-ads-monitoring-agent (Status: QUEUED)
2026-08-15 19:11:34,358 [INFO] [central] Registered agent implementation: meta-ads-monitoring-agent
2026-08-15 19:11:34,360 [INFO] [central] Registered agent implementation: meta-ads-monitoring-agent
2026-08-15 19:11:34,362 [INFO] [central] Registered agent implementation: monthly-report-agent
2026-08-15 19:11:34,365 [INFO] [central] Registered agent implementation: monthly-report-agent
2026-08-15 19:11:34,378 [INFO] [central] Created task task-58601398 for agent monthly-report-agent (Status: QUEUED)
2026-08-15 19:11:34,396 [INFO] [central] Registered agent implementation: monthly-report-agent
2026-08-15 19:11:34,407 [INFO] [central] Created task task-315bc066 for agent monthly-report-agent (Status: QUEUED)
2026-08-15 19:11:34,428 [INFO] [central] Registered agent implementation: monthly-report-agent
2026-08-15 19:11:34,431 [INFO] [central] Registered agent implementation: reputation-agent
2026-08-15 19:11:34,433 [INFO] [central] Registered agent implementation: reputation-agent
2026-08-15 19:11:34,444 [INFO] [central] Created task task-296ce6c1 for agent reputation-agent (Status: QUEUED)
2026-08-15 19:11:34,470 [INFO] [central] Registered agent implementation: reputation-agent
2026-08-15 19:11:34,482 [INFO] [central] Created task task-9e66d068 for agent reputation-agent (Status: QUEUED)
2026-08-15 19:11:34,494 [INFO] [central] Registered agent implementation: reputation-agent
2026-08-15 19:11:34,497 [INFO] [central] Registered agent implementation: reputation-agent
2026-08-15 19:11:34,499 [INFO] [central] Registered agent implementation: seo-audit-agent
2026-08-15 19:11:34,502 [INFO] [central] Registered agent implementation: seo-audit-agent
2026-08-15 19:11:34,515 [INFO] [central] Created task task-ebfb27f2 for agent seo-audit-agent (Status: QUEUED)
2026-08-15 19:11:34,540 [INFO] [central] Registered agent implementation: seo-audit-agent
2026-08-15 19:11:34,548 [INFO] [central] Created task task-72e8eeec for agent seo-audit-agent (Status: QUEUED)
2026-08-15 19:11:34,565 [INFO] [central] Registered agent implementation: seo-audit-agent
2026-08-15 19:11:34,568 [INFO] [central] Registered agent implementation: seo-content-brief-agent
2026-08-15 19:11:34,571 [INFO] [central] Registered agent implementation: seo-content-brief-agent
2026-08-15 19:11:34,581 [INFO] [central] Created task task-32fb56f6 for agent seo-content-brief-agent (Status: QUEUED)
2026-08-15 19:11:34,606 [INFO] [central] Registered agent implementation: seo-content-brief-agent
2026-08-15 19:11:34,615 [INFO] [central] Created task task-f23afd7f for agent seo-content-brief-agent (Status: QUEUED)
2026-08-15 19:11:34,639 [INFO] [central] Registered agent implementation: seo-content-brief-agent
2026-08-15 19:11:34,642 [INFO] [central] Registered agent implementation: seo-keyword-agent
2026-08-15 19:11:34,644 [INFO] [central] Registered agent implementation: seo-keyword-agent
2026-08-15 19:11:34,655 [INFO] [central] Created task task-5c37f9f3 for agent seo-keyword-agent (Status: QUEUED)
2026-08-15 19:11:34,676 [INFO] [central] Registered agent implementation: seo-keyword-agent
2026-08-15 19:11:34,683 [INFO] [central] Created task task-0921e68f for agent seo-keyword-agent (Status: QUEUED)
2026-08-15 19:11:34,708 [INFO] [central] Registered agent implementation: seo-keyword-agent
2026-08-15 19:11:34,712 [INFO] [central] Registered agent implementation: social-analytics-agent
2026-08-15 19:11:34,714 [INFO] [central] Registered agent implementation: social-analytics-agent
2026-08-15 19:11:34,726 [INFO] [central] Created task task-e5a07584 for agent social-analytics-agent (Status: QUEUED)
2026-08-15 19:11:34,752 [INFO] [central] Registered agent implementation: social-analytics-agent
2026-08-15 19:11:34,762 [INFO] [central] Created task task-95199c7a for agent social-analytics-agent (Status: QUEUED)
2026-08-15 19:11:34,778 [INFO] [central] Registered agent implementation: social-analytics-agent
2026-08-15 19:11:34,781 [INFO] [central] Registered agent implementation: blog-agent
2026-08-15 19:11:34,800 [INFO] [central] Created task task-1fec6719 for agent blog-agent (Status: QUEUED)
2026-08-15 19:11:36,472 [INFO] [central] Registered agent implementation: blog-agent
2026-08-15 19:11:36,481 [INFO] [central] Created task task-dbd876e9 for agent blog-agent (Status: AWAITING_APPROVAL)
2026-08-15 19:11:36,481 [INFO] [central] Task task-dbd876e9 approved by admin
2026-08-15 19:11:38,105 [INFO] [central] Registered agent implementation: blog-agent
2026-08-15 19:11:38,114 [INFO] [central] Created task task-eafa617f for agent blog-agent (Status: AWAITING_APPROVAL)
2026-08-15 19:11:38,115 [INFO] [central] Task task-eafa617f rejected by manager
2026-08-15 19:18:11,304 [INFO] [central] Registered agent implementation: blog-agent
2026-08-15 19:18:11,304 [INFO] [central] Registered agent implementation: corporate-cars-social-agent
2026-08-15 19:18:11,304 [INFO] [central] Registered agent implementation: seo-keyword-agent
2026-08-15 19:18:11,306 [INFO] [central] Registered agent implementation: competitor-analysis-agent
2026-08-15 19:18:11,306 [INFO] [central] Registered agent implementation: seo-content-brief-agent
2026-08-15 19:18:11,306 [INFO] [central] Registered agent implementation: internal-linking-agent
2026-08-15 19:18:11,306 [INFO] [central] Registered agent implementation: seo-audit-agent
2026-08-15 19:18:11,306 [INFO] [central] Registered agent implementation: gsc-agent
2026-08-15 19:18:11,306 [INFO] [central] Registered agent implementation: ga4-reporting-agent
2026-08-15 19:18:11,306 [INFO] [central] Registered agent implementation: google-ads-monitoring-agent
2026-08-15 19:18:11,306 [INFO] [central] Registered agent implementation: google-ads-optimization-agent
2026-08-15 19:18:11,306 [INFO] [central] Registered agent implementation: meta-ads-monitoring-agent
2026-08-15 19:18:11,306 [INFO] [central] Registered agent implementation: social-analytics-agent
2026-08-15 19:18:11,306 [INFO] [central] Registered agent implementation: reputation-agent
2026-08-15 19:18:11,306 [INFO] [central] Registered agent implementation: lead-management-agent
2026-08-15 19:18:11,306 [INFO] [central] Registered agent implementation: monthly-report-agent
2026-08-15 19:18:11,306 [INFO] [central] Registered agent implementation: external-link-building-agent
2026-08-15 19:18:11,398 [INFO] [central] Registered agent implementation: competitor-analysis-agent
2026-08-15 19:18:11,401 [INFO] [central] Registered agent implementation: competitor-analysis-agent
2026-08-15 19:18:11,421 [INFO] [central] Created task task-b0a77758 for agent competitor-analysis-agent (Status: QUEUED)
2026-08-15 19:18:11,447 [INFO] [central] Registered agent implementation: competitor-analysis-agent
2026-08-15 19:18:11,455 [INFO] [central] Created task task-ee3a6bcc for agent competitor-analysis-agent (Status: QUEUED)
2026-08-15 19:18:11,469 [INFO] [central] Registered agent implementation: competitor-analysis-agent
2026-08-15 19:18:11,491 [INFO] [central] Created task task-9dd7c818 for agent blog-agent (Status: AWAITING_APPROVAL)
2026-08-15 19:18:11,500 [INFO] [central] Task task-9dd7c818 approved by test_admin
2026-08-15 19:18:11,512 [INFO] [central] Created task task-6a645565 for agent blog-agent (Status: QUEUED)
2026-08-15 19:18:11,544 [INFO] [central] Created task task-393ea0e0 for agent external-link-building-agent (Status: QUEUED)
2026-08-15 19:18:11,586 [INFO] [central] Created task task-9750ef85 for agent external-link-building-agent (Status: QUEUED)
2026-08-15 19:18:15,296 [INFO] [central] Registered agent implementation: ga4-reporting-agent
2026-08-15 19:18:15,298 [INFO] [central] Registered agent implementation: ga4-reporting-agent
2026-08-15 19:18:15,309 [INFO] [central] Created task task-48f7ec29 for agent ga4-reporting-agent (Status: QUEUED)
2026-08-15 19:18:15,735 [INFO] [central] Registered agent implementation: ga4-reporting-agent
2026-08-15 19:18:15,743 [INFO] [central] Created task task-14e13776 for agent ga4-reporting-agent (Status: QUEUED)
2026-08-15 19:18:15,801 [INFO] [central] Registered agent implementation: ga4-reporting-agent
2026-08-15 19:18:15,838 [INFO] [central] Registered agent implementation: google-ads-monitoring-agent
2026-08-15 19:18:15,841 [INFO] [central] Registered agent implementation: google-ads-monitoring-agent
2026-08-15 19:18:15,851 [INFO] [central] Created task task-73b2c258 for agent google-ads-monitoring-agent (Status: QUEUED)
2026-08-15 19:18:15,871 [INFO] [central] Registered agent implementation: google-ads-monitoring-agent
2026-08-15 19:18:15,878 [INFO] [central] Created task task-8db9986e for agent google-ads-monitoring-agent (Status: QUEUED)
2026-08-15 19:18:15,895 [INFO] [central] Registered agent implementation: google-ads-monitoring-agent
2026-08-15 19:18:15,898 [INFO] [central] Registered agent implementation: google-ads-monitoring-agent
2026-08-15 19:18:15,902 [INFO] [central] Registered agent implementation: google-ads-optimization-agent
2026-08-15 19:18:15,904 [INFO] [central] Registered agent implementation: google-ads-optimization-agent
2026-08-15 19:18:15,922 [INFO] [central] Created task task-1e82912f for agent google-ads-optimization-agent (Status: QUEUED)
2026-08-15 19:18:15,942 [INFO] [central] Registered agent implementation: google-ads-optimization-agent
2026-08-15 19:18:15,950 [INFO] [central] Created task task-a3110fc2 for agent google-ads-optimization-agent (Status: QUEUED)
2026-08-15 19:18:15,961 [INFO] [central] Registered agent implementation: google-ads-optimization-agent
2026-08-15 19:18:15,965 [INFO] [central] Registered agent implementation: gsc-agent
2026-08-15 19:18:15,968 [INFO] [central] Registered agent implementation: gsc-agent
2026-08-15 19:18:15,979 [INFO] [central] Created task task-567b3ad7 for agent gsc-agent (Status: QUEUED)
2026-08-15 19:18:17,834 [INFO] [central] Registered agent implementation: gsc-agent
2026-08-15 19:18:17,843 [INFO] [central] Created task task-f524b60c for agent gsc-agent (Status: QUEUED)
2026-08-15 19:18:19,074 [INFO] [central] Registered agent implementation: gsc-agent
2026-08-15 19:18:20,532 [INFO] [central] Registered agent implementation: internal-linking-agent
2026-08-15 19:18:20,535 [INFO] [central] Registered agent implementation: internal-linking-agent
2026-08-15 19:18:20,547 [INFO] [central] Created task task-465d5371 for agent internal-linking-agent (Status: QUEUED)
2026-08-15 19:18:20,573 [INFO] [central] Registered agent implementation: internal-linking-agent
2026-08-15 19:18:20,582 [INFO] [central] Created task task-620e4691 for agent internal-linking-agent (Status: QUEUED)
2026-08-15 19:18:20,602 [INFO] [central] Registered agent implementation: internal-linking-agent
2026-08-15 19:18:20,606 [INFO] [central] Registered agent implementation: lead-management-agent
2026-08-15 19:18:20,609 [INFO] [central] Registered agent implementation: lead-management-agent
2026-08-15 19:18:20,621 [INFO] [central] Created task task-a6b290a3 for agent lead-management-agent (Status: QUEUED)
2026-08-15 19:18:20,655 [INFO] [central] Registered agent implementation: lead-management-agent
2026-08-15 19:18:20,663 [INFO] [central] Created task task-6d627f9f for agent lead-management-agent (Status: QUEUED)
2026-08-15 19:18:20,682 [INFO] [central] Registered agent implementation: lead-management-agent
2026-08-15 19:18:20,686 [INFO] [central] Registered agent implementation: lead-management-agent
2026-08-15 19:18:20,688 [INFO] [central] Registered agent implementation: meta-ads-monitoring-agent
2026-08-15 19:18:20,691 [INFO] [central] Registered agent implementation: meta-ads-monitoring-agent
2026-08-15 19:18:20,704 [INFO] [central] Created task task-8e51178c for agent meta-ads-monitoring-agent (Status: QUEUED)
2026-08-15 19:18:20,728 [INFO] [central] Registered agent implementation: meta-ads-monitoring-agent
2026-08-15 19:18:20,739 [INFO] [central] Created task task-54baf9ba for agent meta-ads-monitoring-agent (Status: QUEUED)
2026-08-15 19:18:20,758 [INFO] [central] Registered agent implementation: meta-ads-monitoring-agent
2026-08-15 19:18:20,762 [INFO] [central] Registered agent implementation: meta-ads-monitoring-agent
2026-08-15 19:18:20,768 [INFO] [central] Registered agent implementation: monthly-report-agent
2026-08-15 19:18:20,789 [INFO] [central] Registered agent implementation: monthly-report-agent
2026-08-15 19:18:20,818 [INFO] [central] Created task task-542e6280 for agent monthly-report-agent (Status: QUEUED)
2026-08-15 19:18:20,840 [INFO] [central] Registered agent implementation: monthly-report-agent
2026-08-15 19:18:20,853 [INFO] [central] Created task task-22a8d712 for agent monthly-report-agent (Status: QUEUED)
2026-08-15 19:18:20,867 [INFO] [central] Registered agent implementation: monthly-report-agent
2026-08-15 19:18:20,872 [INFO] [central] Registered agent implementation: reputation-agent
2026-08-15 19:18:20,875 [INFO] [central] Registered agent implementation: reputation-agent
2026-08-15 19:18:20,886 [INFO] [central] Created task task-547b1848 for agent reputation-agent (Status: QUEUED)
2026-08-15 19:18:20,911 [INFO] [central] Registered agent implementation: reputation-agent
2026-08-15 19:18:20,920 [INFO] [central] Created task task-f176c464 for agent reputation-agent (Status: QUEUED)
2026-08-15 19:18:20,935 [INFO] [central] Registered agent implementation: reputation-agent
2026-08-15 19:18:20,938 [INFO] [central] Registered agent implementation: reputation-agent
2026-08-15 19:18:20,942 [INFO] [central] Registered agent implementation: seo-audit-agent
2026-08-15 19:18:20,944 [INFO] [central] Registered agent implementation: seo-audit-agent
2026-08-15 19:18:20,956 [INFO] [central] Created task task-38366a0e for agent seo-audit-agent (Status: QUEUED)
2026-08-15 19:18:20,987 [INFO] [central] Registered agent implementation: seo-audit-agent
2026-08-15 19:18:20,996 [INFO] [central] Created task task-dc20e112 for agent seo-audit-agent (Status: QUEUED)
2026-08-15 19:18:21,010 [INFO] [central] Registered agent implementation: seo-audit-agent
2026-08-15 19:18:21,014 [INFO] [central] Registered agent implementation: seo-content-brief-agent
2026-08-15 19:18:21,018 [INFO] [central] Registered agent implementation: seo-content-brief-agent
2026-08-15 19:18:21,030 [INFO] [central] Created task task-fd7b0241 for agent seo-content-brief-agent (Status: QUEUED)
2026-08-15 19:18:21,057 [INFO] [central] Registered agent implementation: seo-content-brief-agent
2026-08-15 19:18:21,067 [INFO] [central] Created task task-99fb8563 for agent seo-content-brief-agent (Status: QUEUED)
2026-08-15 19:18:21,086 [INFO] [central] Registered agent implementation: seo-content-brief-agent
2026-08-15 19:18:21,090 [INFO] [central] Registered agent implementation: seo-keyword-agent
2026-08-15 19:18:21,099 [INFO] [central] Registered agent implementation: seo-keyword-agent
2026-08-15 19:18:21,112 [INFO] [central] Created task task-ac232aec for agent seo-keyword-agent (Status: QUEUED)
2026-08-15 19:18:21,142 [INFO] [central] Registered agent implementation: seo-keyword-agent
2026-08-15 19:18:21,152 [INFO] [central] Created task task-d6f55cf3 for agent seo-keyword-agent (Status: QUEUED)
2026-08-15 19:18:21,167 [INFO] [central] Registered agent implementation: seo-keyword-agent
2026-08-15 19:18:21,173 [INFO] [central] Registered agent implementation: social-analytics-agent
2026-08-15 19:18:21,176 [INFO] [central] Registered agent implementation: social-analytics-agent
2026-08-15 19:18:21,189 [INFO] [central] Created task task-eb17f50a for agent social-analytics-agent (Status: QUEUED)
2026-08-15 19:18:21,214 [INFO] [central] Registered agent implementation: social-analytics-agent
2026-08-15 19:18:21,228 [INFO] [central] Created task task-86bfedb0 for agent social-analytics-agent (Status: QUEUED)
2026-08-15 19:18:21,247 [INFO] [central] Registered agent implementation: social-analytics-agent
2026-08-15 19:18:21,251 [INFO] [central] Registered agent implementation: blog-agent
2026-08-15 19:18:21,262 [INFO] [central] Created task task-012a5bb4 for agent blog-agent (Status: QUEUED)
2026-08-15 19:18:23,688 [INFO] [central] Registered agent implementation: blog-agent
2026-08-15 19:18:23,702 [INFO] [central] Created task task-eea2c2ce for agent blog-agent (Status: AWAITING_APPROVAL)
2026-08-15 19:18:23,702 [INFO] [central] Task task-eea2c2ce approved by admin
2026-08-15 19:18:25,325 [INFO] [central] Registered agent implementation: blog-agent
2026-08-15 19:18:25,339 [INFO] [central] Created task task-67fbb7e7 for agent blog-agent (Status: AWAITING_APPROVAL)
2026-08-15 19:18:25,339 [INFO] [central] Task task-67fbb7e7 rejected by manager
2026-08-15 19:22:54,208 [INFO] [central] Registered agent implementation: blog-agent
2026-08-15 19:22:54,209 [INFO] [central] Registered agent implementation: corporate-cars-social-agent
2026-08-15 19:22:54,209 [INFO] [central] Registered agent implementation: seo-keyword-agent
2026-08-15 19:22:54,209 [INFO] [central] Registered agent implementation: competitor-analysis-agent
2026-08-15 19:22:54,210 [INFO] [central] Registered agent implementation: seo-content-brief-agent
2026-08-15 19:22:54,210 [INFO] [central] Registered agent implementation: internal-linking-agent
2026-08-15 19:22:54,210 [INFO] [central] Registered agent implementation: seo-audit-agent
2026-08-15 19:22:54,210 [INFO] [central] Registered agent implementation: gsc-agent
2026-08-15 19:22:54,210 [INFO] [central] Registered agent implementation: ga4-reporting-agent
2026-08-15 19:22:54,210 [INFO] [central] Registered agent implementation: google-ads-monitoring-agent
2026-08-15 19:22:54,210 [INFO] [central] Registered agent implementation: google-ads-optimization-agent
2026-08-15 19:22:54,210 [INFO] [central] Registered agent implementation: meta-ads-monitoring-agent
2026-08-15 19:22:54,210 [INFO] [central] Registered agent implementation: social-analytics-agent
2026-08-15 19:22:54,210 [INFO] [central] Registered agent implementation: reputation-agent
2026-08-15 19:22:54,211 [INFO] [central] Registered agent implementation: lead-management-agent
2026-08-15 19:22:54,211 [INFO] [central] Registered agent implementation: monthly-report-agent
2026-08-15 19:22:54,211 [INFO] [central] Registered agent implementation: external-link-building-agent
2026-08-15 19:28:27,326 [INFO] [central] Created task task-cd312532 for agent external-link-building-agent (Status: QUEUED)
2026-08-15 20:05:42,029 [INFO] [central] Registered agent implementation: blog-agent
2026-08-15 20:05:42,030 [INFO] [central] Registered agent implementation: corporate-cars-social-agent
2026-08-15 20:05:42,030 [INFO] [central] Registered agent implementation: seo-keyword-agent
2026-08-15 20:05:42,030 [INFO] [central] Registered agent implementation: competitor-analysis-agent
2026-08-15 20:05:42,030 [INFO] [central] Registered agent implementation: seo-content-brief-agent
2026-08-15 20:05:42,030 [INFO] [central] Registered agent implementation: internal-linking-agent
2026-08-15 20:05:42,030 [INFO] [central] Registered agent implementation: seo-audit-agent
2026-08-15 20:05:42,030 [INFO] [central] Registered agent implementation: gsc-agent
2026-08-15 20:05:42,030 [INFO] [central] Registered agent implementation: ga4-reporting-agent
2026-08-15 20:05:42,030 [INFO] [central] Registered agent implementation: google-ads-monitoring-agent
2026-08-15 20:05:42,031 [INFO] [central] Registered agent implementation: google-ads-optimization-agent
2026-08-15 20:05:42,031 [INFO] [central] Registered agent implementation: meta-ads-monitoring-agent
2026-08-15 20:05:42,031 [INFO] [central] Registered agent implementation: social-analytics-agent
2026-08-15 20:05:42,031 [INFO] [central] Registered agent implementation: reputation-agent
2026-08-15 20:05:42,031 [INFO] [central] Registered agent implementation: lead-management-agent
2026-08-15 20:05:42,031 [INFO] [central] Registered agent implementation: monthly-report-agent
2026-08-15 20:05:42,031 [INFO] [central] Registered agent implementation: external-link-building-agent
2026-08-15 20:29:54,908 [INFO] [central] Registered agent implementation: blog-agent
2026-08-15 20:29:54,910 [INFO] [central] Registered agent implementation: corporate-cars-social-agent
2026-08-15 20:29:54,910 [INFO] [central] Registered agent implementation: seo-keyword-agent
2026-08-15 20:29:54,911 [INFO] [central] Registered agent implementation: competitor-analysis-agent
2026-08-15 20:29:54,911 [INFO] [central] Registered agent implementation: seo-content-brief-agent
2026-08-15 20:29:54,911 [INFO] [central] Registered agent implementation: internal-linking-agent
2026-08-15 20:29:54,911 [INFO] [central] Registered agent implementation: seo-audit-agent
2026-08-15 20:29:54,911 [INFO] [central] Registered agent implementation: gsc-agent
2026-08-15 20:29:54,911 [INFO] [central] Registered agent implementation: ga4-reporting-agent
2026-08-15 20:29:54,911 [INFO] [central] Registered agent implementation: google-ads-monitoring-agent
2026-08-15 20:29:54,911 [INFO] [central] Registered agent implementation: google-ads-optimization-agent
2026-08-15 20:29:54,911 [INFO] [central] Registered agent implementation: meta-ads-monitoring-agent
2026-08-15 20:29:54,911 [INFO] [central] Registered agent implementation: social-analytics-agent
2026-08-15 20:29:54,912 [INFO] [central] Registered agent implementation: reputation-agent
2026-08-15 20:29:54,912 [INFO] [central] Registered agent implementation: lead-management-agent
2026-08-15 20:29:54,912 [INFO] [central] Registered agent implementation: monthly-report-agent
2026-08-15 20:29:54,912 [INFO] [central] Registered agent implementation: external-link-building-agent
2026-08-15 20:29:54,912 [INFO] [central] Registered agent implementation: competitor-ad-spy-agent
2026-08-15 20:29:55,009 [INFO] [central] Registered agent implementation: competitor-ad-spy-agent
2026-08-15 20:29:55,012 [INFO] [central] Registered agent implementation: competitor-ad-spy-agent
2026-08-15 20:29:55,048 [INFO] [central] Created task task-a9888ea4 for agent competitor-ad-spy-agent (Status: QUEUED)
2026-08-15 20:29:55,080 [INFO] [central] Registered agent implementation: competitor-ad-spy-agent
2026-08-15 20:29:55,102 [INFO] [central] Registered agent implementation: competitor-ad-spy-agent
2026-08-15 20:29:55,107 [INFO] [central] Registered agent implementation: competitor-analysis-agent
2026-08-15 20:29:55,109 [INFO] [central] Registered agent implementation: competitor-analysis-agent
2026-08-15 20:29:55,122 [INFO] [central] Created task task-d33cfad9 for agent competitor-analysis-agent (Status: QUEUED)
2026-08-15 20:29:55,148 [INFO] [central] Registered agent implementation: competitor-analysis-agent
2026-08-15 20:29:55,162 [INFO] [central] Created task task-25a8d210 for agent competitor-analysis-agent (Status: QUEUED)
2026-08-15 20:29:55,178 [INFO] [central] Registered agent implementation: competitor-analysis-agent
2026-08-15 20:29:55,206 [INFO] [central] Created task task-2f23e75f for agent blog-agent (Status: AWAITING_APPROVAL)
2026-08-15 20:29:55,213 [INFO] [central] Task task-2f23e75f approved by test_admin
2026-08-15 20:29:55,226 [INFO] [central] Created task task-dc0e2e4d for agent blog-agent (Status: QUEUED)
2026-08-15 20:29:55,261 [INFO] [central] Created task task-ab243267 for agent external-link-building-agent (Status: QUEUED)
2026-08-15 20:29:55,312 [INFO] [central] Created task task-baab36cd for agent external-link-building-agent (Status: QUEUED)
2026-08-15 20:30:00,206 [INFO] [central] Registered agent implementation: ga4-reporting-agent
2026-08-15 20:30:00,208 [INFO] [central] Registered agent implementation: ga4-reporting-agent
2026-08-15 20:30:00,227 [INFO] [central] Created task task-61933de4 for agent ga4-reporting-agent (Status: QUEUED)
2026-08-15 20:30:00,705 [INFO] [central] Registered agent implementation: ga4-reporting-agent
2026-08-15 20:30:00,715 [INFO] [central] Created task task-6bbdca9e for agent ga4-reporting-agent (Status: QUEUED)
2026-08-15 20:30:00,772 [INFO] [central] Registered agent implementation: ga4-reporting-agent
2026-08-15 20:30:00,812 [INFO] [central] Registered agent implementation: google-ads-monitoring-agent
2026-08-15 20:30:00,815 [INFO] [central] Registered agent implementation: google-ads-monitoring-agent
2026-08-15 20:30:00,828 [INFO] [central] Created task task-265ea425 for agent google-ads-monitoring-agent (Status: QUEUED)
2026-08-15 20:30:00,855 [INFO] [central] Registered agent implementation: google-ads-monitoring-agent
2026-08-15 20:30:00,869 [INFO] [central] Created task task-555dfa01 for agent google-ads-monitoring-agent (Status: QUEUED)
2026-08-15 20:30:00,880 [INFO] [central] Registered agent implementation: google-ads-monitoring-agent
2026-08-15 20:30:00,886 [INFO] [central] Registered agent implementation: google-ads-monitoring-agent
2026-08-15 20:30:00,890 [INFO] [central] Registered agent implementation: google-ads-optimization-agent
2026-08-15 20:30:00,895 [INFO] [central] Registered agent implementation: google-ads-optimization-agent
2026-08-15 20:30:00,907 [INFO] [central] Created task task-94e25569 for agent google-ads-optimization-agent (Status: QUEUED)
2026-08-15 20:30:00,930 [INFO] [central] Registered agent implementation: google-ads-optimization-agent
2026-08-15 20:30:00,941 [INFO] [central] Created task task-32bcefa5 for agent google-ads-optimization-agent (Status: QUEUED)
2026-08-15 20:30:00,954 [INFO] [central] Registered agent implementation: google-ads-optimization-agent
2026-08-15 20:30:00,958 [INFO] [central] Registered agent implementation: gsc-agent
2026-08-15 20:30:00,962 [INFO] [central] Registered agent implementation: gsc-agent
2026-08-15 20:30:00,975 [INFO] [central] Created task task-5a43fbdd for agent gsc-agent (Status: QUEUED)
2026-08-15 20:30:20,009 [INFO] [central] Registered agent implementation: gsc-agent
2026-08-15 20:30:20,024 [INFO] [central] Created task task-a912ccba for agent gsc-agent (Status: QUEUED)
2026-08-15 20:30:22,051 [INFO] [central] Registered agent implementation: gsc-agent
2026-08-15 20:30:23,438 [INFO] [central] Registered agent implementation: internal-linking-agent
2026-08-15 20:30:23,442 [INFO] [central] Registered agent implementation: internal-linking-agent
2026-08-15 20:30:23,459 [INFO] [central] Created task task-5f7f995b for agent internal-linking-agent (Status: QUEUED)
2026-08-15 20:30:23,491 [INFO] [central] Registered agent implementation: internal-linking-agent
2026-08-15 20:30:23,502 [INFO] [central] Created task task-ea1b68df for agent internal-linking-agent (Status: QUEUED)
2026-08-15 20:30:23,522 [INFO] [central] Registered agent implementation: internal-linking-agent
2026-08-15 20:30:23,527 [INFO] [central] Registered agent implementation: lead-management-agent
2026-08-15 20:30:23,530 [INFO] [central] Registered agent implementation: lead-management-agent
2026-08-15 20:30:23,544 [INFO] [central] Created task task-56e85cd7 for agent lead-management-agent (Status: QUEUED)
2026-08-15 20:30:23,567 [INFO] [central] Registered agent implementation: lead-management-agent
2026-08-15 20:30:23,586 [INFO] [central] Created task task-4470c283 for agent lead-management-agent (Status: QUEUED)
2026-08-15 20:30:23,608 [INFO] [central] Registered agent implementation: lead-management-agent
2026-08-15 20:30:23,612 [INFO] [central] Registered agent implementation: lead-management-agent
2026-08-15 20:30:23,617 [INFO] [central] Registered agent implementation: meta-ads-monitoring-agent
2026-08-15 20:30:23,621 [INFO] [central] Registered agent implementation: meta-ads-monitoring-agent
2026-08-15 20:30:23,636 [INFO] [central] Created task task-4a3c363d for agent meta-ads-monitoring-agent (Status: QUEUED)
2026-08-15 20:30:23,657 [INFO] [central] Registered agent implementation: meta-ads-monitoring-agent
2026-08-15 20:30:23,669 [INFO] [central] Created task task-900adec0 for agent meta-ads-monitoring-agent (Status: QUEUED)
2026-08-15 20:30:23,721 [INFO] [central] Registered agent implementation: meta-ads-monitoring-agent
2026-08-15 20:30:23,726 [INFO] [central] Registered agent implementation: meta-ads-monitoring-agent
2026-08-15 20:30:23,737 [INFO] [central] Registered agent implementation: monthly-report-agent
2026-08-15 20:30:23,741 [INFO] [central] Registered agent implementation: monthly-report-agent
2026-08-15 20:30:23,756 [INFO] [central] Created task task-518b919b for agent monthly-report-agent (Status: QUEUED)
2026-08-15 20:30:23,781 [INFO] [central] Registered agent implementation: monthly-report-agent
2026-08-15 20:30:23,793 [INFO] [central] Created task task-e1bd1790 for agent monthly-report-agent (Status: QUEUED)
2026-08-15 20:30:23,819 [INFO] [central] Registered agent implementation: monthly-report-agent
2026-08-15 20:30:23,823 [INFO] [central] Registered agent implementation: reputation-agent
2026-08-15 20:30:23,826 [INFO] [central] Registered agent implementation: reputation-agent
2026-08-15 20:30:23,841 [INFO] [central] Created task task-e557f6f1 for agent reputation-agent (Status: QUEUED)
2026-08-15 20:30:23,870 [INFO] [central] Registered agent implementation: reputation-agent
2026-08-15 20:30:23,886 [INFO] [central] Created task task-835fc00c for agent reputation-agent (Status: QUEUED)
2026-08-15 20:30:23,907 [INFO] [central] Registered agent implementation: reputation-agent
2026-08-15 20:30:23,911 [INFO] [central] Registered agent implementation: reputation-agent
2026-08-15 20:30:23,916 [INFO] [central] Registered agent implementation: seo-audit-agent
2026-08-15 20:30:23,919 [INFO] [central] Registered agent implementation: seo-audit-agent
2026-08-15 20:30:23,934 [INFO] [central] Created task task-02a06094 for agent seo-audit-agent (Status: QUEUED)
2026-08-15 20:30:23,957 [INFO] [central] Registered agent implementation: seo-audit-agent
2026-08-15 20:30:23,969 [INFO] [central] Created task task-b3faa228 for agent seo-audit-agent (Status: QUEUED)
2026-08-15 20:30:23,997 [INFO] [central] Registered agent implementation: seo-audit-agent
2026-08-15 20:30:24,004 [INFO] [central] Registered agent implementation: seo-content-brief-agent
2026-08-15 20:30:24,008 [INFO] [central] Registered agent implementation: seo-content-brief-agent
2026-08-15 20:30:24,023 [INFO] [central] Created task task-08b6112a for agent seo-content-brief-agent (Status: QUEUED)
2026-08-15 20:30:24,051 [INFO] [central] Registered agent implementation: seo-content-brief-agent
2026-08-15 20:30:24,063 [INFO] [central] Created task task-566d966c for agent seo-content-brief-agent (Status: QUEUED)
2026-08-15 20:30:24,077 [INFO] [central] Registered agent implementation: seo-content-brief-agent
2026-08-15 20:30:24,081 [INFO] [central] Registered agent implementation: seo-keyword-agent
2026-08-15 20:30:24,085 [INFO] [central] Registered agent implementation: seo-keyword-agent
2026-08-15 20:30:24,100 [INFO] [central] Created task task-ed961dc2 for agent seo-keyword-agent (Status: QUEUED)
2026-08-15 20:30:24,123 [INFO] [central] Registered agent implementation: seo-keyword-agent
2026-08-15 20:30:24,136 [INFO] [central] Created task task-d45d7d45 for agent seo-keyword-agent (Status: QUEUED)
2026-08-15 20:30:24,151 [INFO] [central] Registered agent implementation: seo-keyword-agent
2026-08-15 20:30:24,159 [INFO] [central] Registered agent implementation: social-analytics-agent
2026-08-15 20:30:24,164 [INFO] [central] Registered agent implementation: social-analytics-agent
2026-08-15 20:30:24,186 [INFO] [central] Created task task-03769fa9 for agent social-analytics-agent (Status: QUEUED)
2026-08-15 20:30:24,235 [INFO] [central] Registered agent implementation: social-analytics-agent
2026-08-15 20:30:24,247 [INFO] [central] Created task task-84223e91 for agent social-analytics-agent (Status: QUEUED)
2026-08-15 20:30:24,260 [INFO] [central] Registered agent implementation: social-analytics-agent
2026-08-15 20:30:24,264 [INFO] [central] Registered agent implementation: blog-agent
2026-08-15 20:30:24,277 [INFO] [central] Created task task-0b132d5f for agent blog-agent (Status: QUEUED)
2026-08-15 20:30:26,662 [INFO] [central] Registered agent implementation: blog-agent
2026-08-15 20:30:26,678 [INFO] [central] Created task task-ff163f21 for agent blog-agent (Status: AWAITING_APPROVAL)
2026-08-15 20:30:26,679 [INFO] [central] Task task-ff163f21 approved by admin
2026-08-15 20:30:28,293 [INFO] [central] Registered agent implementation: blog-agent
2026-08-15 20:30:28,306 [INFO] [central] Created task task-2de2d539 for agent blog-agent (Status: AWAITING_APPROVAL)
2026-08-15 20:30:28,306 [INFO] [central] Task task-2de2d539 rejected by manager
2026-08-15 20:31:09,926 [INFO] [central] Registered agent implementation: blog-agent
2026-08-15 20:31:09,926 [INFO] [central] Registered agent implementation: corporate-cars-social-agent
2026-08-15 20:31:09,927 [INFO] [central] Registered agent implementation: seo-keyword-agent
2026-08-15 20:31:09,927 [INFO] [central] Registered agent implementation: competitor-analysis-agent
2026-08-15 20:31:09,927 [INFO] [central] Registered agent implementation: seo-content-brief-agent
2026-08-15 20:31:09,927 [INFO] [central] Registered agent implementation: internal-linking-agent
2026-08-15 20:31:09,927 [INFO] [central] Registered agent implementation: seo-audit-agent
2026-08-15 20:31:09,927 [INFO] [central] Registered agent implementation: gsc-agent
2026-08-15 20:31:09,927 [INFO] [central] Registered agent implementation: ga4-reporting-agent
2026-08-15 20:31:09,927 [INFO] [central] Registered agent implementation: google-ads-monitoring-agent
2026-08-15 20:31:09,927 [INFO] [central] Registered agent implementation: google-ads-optimization-agent
2026-08-15 20:31:09,927 [INFO] [central] Registered agent implementation: meta-ads-monitoring-agent
2026-08-15 20:31:09,928 [INFO] [central] Registered agent implementation: social-analytics-agent
2026-08-15 20:31:09,928 [INFO] [central] Registered agent implementation: reputation-agent
2026-08-15 20:31:09,928 [INFO] [central] Registered agent implementation: lead-management-agent
2026-08-15 20:31:09,928 [INFO] [central] Registered agent implementation: monthly-report-agent
2026-08-15 20:31:09,928 [INFO] [central] Registered agent implementation: external-link-building-agent
2026-08-15 20:31:09,928 [INFO] [central] Registered agent implementation: competitor-ad-spy-agent
2026-08-15 20:31:30,485 [INFO] [central] Created task task-06d0f58f for agent competitor-ad-spy-agent (Status: QUEUED)
2026-08-15 20:37:50,204 [INFO] [central] Registered agent implementation: blog-agent
2026-08-15 20:37:50,205 [INFO] [central] Registered agent implementation: corporate-cars-social-agent
2026-08-15 20:37:50,205 [INFO] [central] Registered agent implementation: seo-keyword-agent
2026-08-15 20:37:50,205 [INFO] [central] Registered agent implementation: competitor-analysis-agent
2026-08-15 20:37:50,205 [INFO] [central] Registered agent implementation: seo-content-brief-agent
2026-08-15 20:37:50,205 [INFO] [central] Registered agent implementation: internal-linking-agent
2026-08-15 20:37:50,205 [INFO] [central] Registered agent implementation: seo-audit-agent
2026-08-15 20:37:50,205 [INFO] [central] Registered agent implementation: gsc-agent
2026-08-15 20:37:50,205 [INFO] [central] Registered agent implementation: ga4-reporting-agent
2026-08-15 20:37:50,205 [INFO] [central] Registered agent implementation: google-ads-monitoring-agent
2026-08-15 20:37:50,206 [INFO] [central] Registered agent implementation: google-ads-optimization-agent
2026-08-15 20:37:50,206 [INFO] [central] Registered agent implementation: meta-ads-monitoring-agent
2026-08-15 20:37:50,206 [INFO] [central] Registered agent implementation: social-analytics-agent
2026-08-15 20:37:50,206 [INFO] [central] Registered agent implementation: reputation-agent
2026-08-15 20:37:50,206 [INFO] [central] Registered agent implementation: lead-management-agent
2026-08-15 20:37:50,206 [INFO] [central] Registered agent implementation: monthly-report-agent
2026-08-15 20:37:50,206 [INFO] [central] Registered agent implementation: external-link-building-agent
2026-08-15 20:37:50,206 [INFO] [central] Registered agent implementation: competitor-ad-spy-agent
2026-08-15 20:39:40,718 [INFO] [central] Created task task-e96812bc for agent competitor-ad-spy-agent (Status: QUEUED)
2026-08-15 20:41:06,093 [INFO] [central] Registered agent implementation: blog-agent
2026-08-15 20:41:06,093 [INFO] [central] Registered agent implementation: corporate-cars-social-agent
2026-08-15 20:41:06,094 [INFO] [central] Registered agent implementation: seo-keyword-agent
2026-08-15 20:41:06,094 [INFO] [central] Registered agent implementation: competitor-analysis-agent
2026-08-15 20:41:06,094 [INFO] [central] Registered agent implementation: seo-content-brief-agent
2026-08-15 20:41:06,094 [INFO] [central] Registered agent implementation: internal-linking-agent
2026-08-15 20:41:06,094 [INFO] [central] Registered agent implementation: seo-audit-agent
2026-08-15 20:41:06,094 [INFO] [central] Registered agent implementation: gsc-agent
2026-08-15 20:41:06,094 [INFO] [central] Registered agent implementation: ga4-reporting-agent
2026-08-15 20:41:06,094 [INFO] [central] Registered agent implementation: google-ads-monitoring-agent
2026-08-15 20:41:06,095 [INFO] [central] Registered agent implementation: google-ads-optimization-agent
2026-08-15 20:41:06,095 [INFO] [central] Registered agent implementation: meta-ads-monitoring-agent
2026-08-15 20:41:06,095 [INFO] [central] Registered agent implementation: social-analytics-agent
2026-08-15 20:41:06,095 [INFO] [central] Registered agent implementation: reputation-agent
2026-08-15 20:41:06,095 [INFO] [central] Registered agent implementation: lead-management-agent
2026-08-15 20:41:06,095 [INFO] [central] Registered agent implementation: monthly-report-agent
2026-08-15 20:41:06,095 [INFO] [central] Registered agent implementation: external-link-building-agent
2026-08-15 20:41:06,095 [INFO] [central] Registered agent implementation: competitor-ad-spy-agent
2026-08-15 20:41:06,169 [INFO] [central] Registered agent implementation: competitor-ad-spy-agent
2026-08-15 20:41:06,174 [INFO] [central] Registered agent implementation: competitor-ad-spy-agent
2026-08-15 20:41:06,205 [INFO] [central] Created task task-3dfad3be for agent competitor-ad-spy-agent (Status: QUEUED)
2026-08-15 20:41:06,270 [INFO] [central] Registered agent implementation: competitor-ad-spy-agent
2026-08-15 20:41:06,301 [INFO] [central] Registered agent implementation: competitor-ad-spy-agent
2026-08-15 20:46:05,566 [INFO] [central] Registered agent implementation: blog-agent
2026-08-15 20:46:05,567 [INFO] [central] Registered agent implementation: corporate-cars-social-agent
2026-08-15 20:46:05,567 [INFO] [central] Registered agent implementation: seo-keyword-agent
2026-08-15 20:46:05,567 [INFO] [central] Registered agent implementation: competitor-analysis-agent
2026-08-15 20:46:05,567 [INFO] [central] Registered agent implementation: seo-content-brief-agent
2026-08-15 20:46:05,567 [INFO] [central] Registered agent implementation: internal-linking-agent
2026-08-15 20:46:05,567 [INFO] [central] Registered agent implementation: seo-audit-agent
2026-08-15 20:46:05,567 [INFO] [central] Registered agent implementation: gsc-agent
2026-08-15 20:46:05,567 [INFO] [central] Registered agent implementation: ga4-reporting-agent
2026-08-15 20:46:05,567 [INFO] [central] Registered agent implementation: google-ads-monitoring-agent
2026-08-15 20:46:05,567 [INFO] [central] Registered agent implementation: google-ads-optimization-agent
2026-08-15 20:46:05,568 [INFO] [central] Registered agent implementation: meta-ads-monitoring-agent
2026-08-15 20:46:05,568 [INFO] [central] Registered agent implementation: social-analytics-agent
2026-08-15 20:46:05,568 [INFO] [central] Registered agent implementation: reputation-agent
2026-08-15 20:46:05,568 [INFO] [central] Registered agent implementation: lead-management-agent
2026-08-15 20:46:05,568 [INFO] [central] Registered agent implementation: monthly-report-agent
2026-08-15 20:46:05,568 [INFO] [central] Registered agent implementation: external-link-building-agent
2026-08-15 20:46:05,568 [INFO] [central] Registered agent implementation: competitor-ad-spy-agent
2026-08-15 20:46:05,645 [INFO] [central] Registered agent implementation: competitor-ad-spy-agent
2026-08-15 20:46:05,649 [INFO] [central] Registered agent implementation: competitor-ad-spy-agent
2026-08-15 20:46:05,679 [INFO] [central] Created task task-8927dfc7 for agent competitor-ad-spy-agent (Status: QUEUED)
2026-08-15 20:46:05,737 [INFO] [central] Registered agent implementation: competitor-ad-spy-agent
2026-08-15 20:46:05,772 [INFO] [central] Registered agent implementation: competitor-ad-spy-agent
2026-08-15 20:46:46,701 [INFO] [central] Created task task-7b83c34a for agent competitor-ad-spy-agent (Status: QUEUED)
2026-08-15 20:47:14,287 [INFO] [central] Created task task-68a330c1 for agent competitor-ad-spy-agent (Status: QUEUED)
2026-08-15 20:57:05,566 [INFO] [central] Registered agent implementation: blog-agent
2026-08-15 20:57:05,567 [INFO] [central] Registered agent implementation: corporate-cars-social-agent
2026-08-15 20:57:05,567 [INFO] [central] Registered agent implementation: seo-keyword-agent
2026-08-15 20:57:05,567 [INFO] [central] Registered agent implementation: competitor-analysis-agent
2026-08-15 20:57:05,567 [INFO] [central] Registered agent implementation: seo-content-brief-agent
2026-08-15 20:57:05,567 [INFO] [central] Registered agent implementation: internal-linking-agent
2026-08-15 20:57:05,567 [INFO] [central] Registered agent implementation: seo-audit-agent
2026-08-15 20:57:05,567 [INFO] [central] Registered agent implementation: gsc-agent
2026-08-15 20:57:05,567 [INFO] [central] Registered agent implementation: ga4-reporting-agent
2026-08-15 20:57:05,567 [INFO] [central] Registered agent implementation: google-ads-monitoring-agent
2026-08-15 20:57:05,568 [INFO] [central] Registered agent implementation: google-ads-optimization-agent
2026-08-15 20:57:05,568 [INFO] [central] Registered agent implementation: meta-ads-monitoring-agent
2026-08-15 20:57:05,568 [INFO] [central] Registered agent implementation: social-analytics-agent
2026-08-15 20:57:05,568 [INFO] [central] Registered agent implementation: reputation-agent
2026-08-15 20:57:05,568 [INFO] [central] Registered agent implementation: lead-management-agent
2026-08-15 20:57:05,568 [INFO] [central] Registered agent implementation: monthly-report-agent
2026-08-15 20:57:05,568 [INFO] [central] Registered agent implementation: external-link-building-agent
2026-08-15 20:57:05,568 [INFO] [central] Registered agent implementation: competitor-ad-spy-agent
2026-08-15 21:00:56,977 [INFO] [central] Registered agent implementation: blog-agent
2026-08-15 21:00:56,977 [INFO] [central] Registered agent implementation: corporate-cars-social-agent
2026-08-15 21:00:56,982 [INFO] [central] Registered agent implementation: seo-keyword-agent
2026-08-15 21:00:56,983 [INFO] [central] Registered agent implementation: competitor-analysis-agent
2026-08-15 21:00:56,983 [INFO] [central] Registered agent implementation: seo-content-brief-agent
2026-08-15 21:00:56,984 [INFO] [central] Registered agent implementation: internal-linking-agent
2026-08-15 21:00:56,984 [INFO] [central] Registered agent implementation: seo-audit-agent
2026-08-15 21:00:56,984 [INFO] [central] Registered agent implementation: gsc-agent
2026-08-15 21:00:56,984 [INFO] [central] Registered agent implementation: ga4-reporting-agent
2026-08-15 21:00:56,985 [INFO] [central] Registered agent implementation: google-ads-monitoring-agent
2026-08-15 21:00:56,986 [INFO] [central] Registered agent implementation: google-ads-optimization-agent
2026-08-15 21:00:56,986 [INFO] [central] Registered agent implementation: meta-ads-monitoring-agent
2026-08-15 21:00:56,986 [INFO] [central] Registered agent implementation: social-analytics-agent
2026-08-15 21:00:56,986 [INFO] [central] Registered agent implementation: reputation-agent
2026-08-15 21:00:56,986 [INFO] [central] Registered agent implementation: lead-management-agent
2026-08-15 21:00:56,988 [INFO] [central] Registered agent implementation: monthly-report-agent
2026-08-15 21:00:56,988 [INFO] [central] Registered agent implementation: external-link-building-agent
2026-08-15 21:00:56,988 [INFO] [central] Registered agent implementation: competitor-ad-spy-agent
2026-08-15 21:01:09,958 [INFO] [central] Registered agent implementation: blog-agent
2026-08-15 21:01:09,958 [INFO] [central] Registered agent implementation: corporate-cars-social-agent
2026-08-15 21:01:09,960 [INFO] [central] Registered agent implementation: seo-keyword-agent
2026-08-15 21:01:09,961 [INFO] [central] Registered agent implementation: competitor-analysis-agent
2026-08-15 21:01:09,961 [INFO] [central] Registered agent implementation: seo-content-brief-agent
2026-08-15 21:01:09,961 [INFO] [central] Registered agent implementation: internal-linking-agent
2026-08-15 21:01:09,961 [INFO] [central] Registered agent implementation: seo-audit-agent
2026-08-15 21:01:09,961 [INFO] [central] Registered agent implementation: gsc-agent
2026-08-15 21:01:09,962 [INFO] [central] Registered agent implementation: ga4-reporting-agent
2026-08-15 21:01:09,962 [INFO] [central] Registered agent implementation: google-ads-monitoring-agent
2026-08-15 21:01:09,962 [INFO] [central] Registered agent implementation: google-ads-optimization-agent
2026-08-15 21:01:09,962 [INFO] [central] Registered agent implementation: meta-ads-monitoring-agent
2026-08-15 21:01:09,963 [INFO] [central] Registered agent implementation: social-analytics-agent
2026-08-15 21:01:09,963 [INFO] [central] Registered agent implementation: reputation-agent
2026-08-15 21:01:09,963 [INFO] [central] Registered agent implementation: lead-management-agent
2026-08-15 21:01:09,963 [INFO] [central] Registered agent implementation: monthly-report-agent
2026-08-15 21:01:09,963 [INFO] [central] Registered agent implementation: external-link-building-agent
2026-08-15 21:01:09,964 [INFO] [central] Registered agent implementation: competitor-ad-spy-agent
2026-08-15 21:01:10,256 [INFO] [central] Registered agent implementation: competitor-ad-spy-agent
2026-08-15 21:01:10,270 [INFO] [central] Registered agent implementation: competitor-ad-spy-agent
2026-08-15 21:01:10,390 [INFO] [central] Created task task-141d4207 for agent competitor-ad-spy-agent (Status: QUEUED)
2026-08-15 21:01:10,560 [INFO] [central] Registered agent implementation: competitor-ad-spy-agent
2026-08-15 21:01:10,648 [INFO] [central] Registered agent implementation: competitor-ad-spy-agent
2026-08-15 21:01:10,682 [INFO] [central] Registered agent implementation: competitor-analysis-agent
2026-08-15 21:01:10,698 [INFO] [central] Registered agent implementation: competitor-analysis-agent
2026-08-15 21:01:10,991 [INFO] [central] Created task task-deef2f54 for agent competitor-analysis-agent (Status: QUEUED)
2026-08-15 21:01:11,071 [INFO] [central] Registered agent implementation: competitor-analysis-agent
2026-08-15 21:01:11,134 [INFO] [central] Created task task-dcb6cfff for agent competitor-analysis-agent (Status: QUEUED)
2026-08-15 21:01:11,199 [INFO] [central] Registered agent implementation: competitor-analysis-agent
2026-08-15 21:01:11,308 [INFO] [central] Created task task-66aeccbf for agent blog-agent (Status: AWAITING_APPROVAL)
2026-08-15 21:01:11,333 [INFO] [central] Task task-66aeccbf approved by test_admin
2026-08-15 21:01:11,409 [INFO] [central] Created task task-53e5aeab for agent blog-agent (Status: QUEUED)
2026-08-15 21:01:11,572 [INFO] [central] Created task task-55ac5d89 for agent external-link-building-agent (Status: QUEUED)
2026-08-15 21:01:11,738 [INFO] [central] Created task task-39b1d4f6 for agent external-link-building-agent (Status: QUEUED)
2026-08-15 21:01:22,261 [INFO] [central] Registered agent implementation: ga4-reporting-agent
2026-08-15 21:01:22,279 [INFO] [central] Registered agent implementation: ga4-reporting-agent
2026-08-15 21:01:22,328 [INFO] [central] Created task task-59310dcb for agent ga4-reporting-agent (Status: QUEUED)
2026-08-15 21:01:23,569 [INFO] [central] Registered agent implementation: ga4-reporting-agent
2026-08-15 21:01:23,644 [INFO] [central] Created task task-1d6de007 for agent ga4-reporting-agent (Status: QUEUED)
2026-08-15 21:01:23,867 [INFO] [central] Registered agent implementation: ga4-reporting-agent
2026-08-15 21:01:24,011 [INFO] [central] Registered agent implementation: google-ads-monitoring-agent
2026-08-15 21:01:24,019 [INFO] [central] Registered agent implementation: google-ads-monitoring-agent
2026-08-15 21:01:24,078 [INFO] [central] Created task task-ae04e093 for agent google-ads-monitoring-agent (Status: QUEUED)
2026-08-15 21:01:24,136 [INFO] [central] Registered agent implementation: google-ads-monitoring-agent
2026-08-15 21:01:24,183 [INFO] [central] Created task task-eabdfd69 for agent google-ads-monitoring-agent (Status: QUEUED)
2026-08-15 21:01:24,225 [INFO] [central] Registered agent implementation: google-ads-monitoring-agent
2026-08-15 21:01:24,246 [INFO] [central] Registered agent implementation: google-ads-monitoring-agent
2026-08-15 21:01:24,259 [INFO] [central] Registered agent implementation: google-ads-optimization-agent
2026-08-15 21:01:24,269 [INFO] [central] Registered agent implementation: google-ads-optimization-agent
2026-08-15 21:01:24,313 [INFO] [central] Created task task-8b6c82be for agent google-ads-optimization-agent (Status: QUEUED)
2026-08-15 21:01:24,381 [INFO] [central] Registered agent implementation: google-ads-optimization-agent
2026-08-15 21:01:24,432 [INFO] [central] Created task task-2852bbf1 for agent google-ads-optimization-agent (Status: QUEUED)
2026-08-15 21:01:24,469 [INFO] [central] Registered agent implementation: google-ads-optimization-agent
2026-08-15 21:01:24,483 [INFO] [central] Registered agent implementation: gsc-agent
2026-08-15 21:01:24,493 [INFO] [central] Registered agent implementation: gsc-agent
2026-08-15 21:01:24,546 [INFO] [central] Created task task-c2cb7d2a for agent gsc-agent (Status: QUEUED)
2026-08-15 21:01:31,195 [INFO] [central] Registered agent implementation: gsc-agent
2026-08-15 21:01:31,249 [INFO] [central] Created task task-39d51618 for agent gsc-agent (Status: QUEUED)
2026-08-15 21:01:34,279 [INFO] [central] Registered agent implementation: gsc-agent
2026-08-15 21:01:36,778 [INFO] [central] Registered agent implementation: internal-linking-agent
2026-08-15 21:01:36,787 [INFO] [central] Registered agent implementation: internal-linking-agent
2026-08-15 21:01:36,866 [INFO] [central] Created task task-8275ce56 for agent internal-linking-agent (Status: QUEUED)
2026-08-15 21:01:36,935 [INFO] [central] Registered agent implementation: internal-linking-agent
2026-08-15 21:01:36,983 [INFO] [central] Created task task-40448aa1 for agent internal-linking-agent (Status: QUEUED)
2026-08-15 21:01:37,040 [INFO] [central] Registered agent implementation: internal-linking-agent
2026-08-15 21:01:37,062 [INFO] [central] Registered agent implementation: lead-management-agent
2026-08-15 21:01:37,076 [INFO] [central] Registered agent implementation: lead-management-agent
2026-08-15 21:01:37,127 [INFO] [central] Created task task-f67ea84b for agent lead-management-agent (Status: QUEUED)
2026-08-15 21:01:37,208 [INFO] [central] Registered agent implementation: lead-management-agent
2026-08-15 21:01:37,248 [INFO] [central] Created task task-6bee5727 for agent lead-management-agent (Status: QUEUED)
2026-08-15 21:01:37,312 [INFO] [central] Registered agent implementation: lead-management-agent
2026-08-15 21:01:37,323 [INFO] [central] Registered agent implementation: lead-management-agent
2026-08-15 21:01:37,335 [INFO] [central] Registered agent implementation: meta-ads-monitoring-agent
2026-08-15 21:01:37,348 [INFO] [central] Registered agent implementation: meta-ads-monitoring-agent
2026-08-15 21:01:37,410 [INFO] [central] Created task task-dc493bf2 for agent meta-ads-monitoring-agent (Status: QUEUED)
2026-08-15 21:01:37,490 [INFO] [central] Registered agent implementation: meta-ads-monitoring-agent
2026-08-15 21:01:37,530 [INFO] [central] Created task task-24f198f5 for agent meta-ads-monitoring-agent (Status: QUEUED)
2026-08-15 21:01:37,580 [INFO] [central] Registered agent implementation: meta-ads-monitoring-agent
2026-08-15 21:01:37,592 [INFO] [central] Registered agent implementation: meta-ads-monitoring-agent
2026-08-15 21:01:37,604 [INFO] [central] Registered agent implementation: monthly-report-agent
2026-08-15 21:01:37,614 [INFO] [central] Registered agent implementation: monthly-report-agent
2026-08-15 21:01:37,660 [INFO] [central] Created task task-d5783c0a for agent monthly-report-agent (Status: QUEUED)
2026-08-15 21:01:37,734 [INFO] [central] Registered agent implementation: monthly-report-agent
2026-08-15 21:01:37,797 [INFO] [central] Created task task-5ae9c87e for agent monthly-report-agent (Status: QUEUED)
2026-08-15 21:01:37,850 [INFO] [central] Registered agent implementation: monthly-report-agent
2026-08-15 21:01:37,865 [INFO] [central] Registered agent implementation: reputation-agent
2026-08-15 21:01:37,881 [INFO] [central] Registered agent implementation: reputation-agent
2026-08-15 21:01:37,933 [INFO] [central] Created task task-bfc4f6a8 for agent reputation-agent (Status: QUEUED)
2026-08-15 21:01:38,011 [INFO] [central] Registered agent implementation: reputation-agent
2026-08-15 21:01:38,062 [INFO] [central] Created task task-80d17e2f for agent reputation-agent (Status: QUEUED)
2026-08-15 21:01:38,117 [INFO] [central] Registered agent implementation: reputation-agent
2026-08-15 21:01:38,131 [INFO] [central] Registered agent implementation: reputation-agent
2026-08-15 21:01:38,145 [INFO] [central] Registered agent implementation: seo-audit-agent
2026-08-15 21:01:38,155 [INFO] [central] Registered agent implementation: seo-audit-agent
2026-08-15 21:01:38,204 [INFO] [central] Created task task-adf656c3 for agent seo-audit-agent (Status: QUEUED)
2026-08-15 21:01:38,294 [INFO] [central] Registered agent implementation: seo-audit-agent
2026-08-15 21:01:38,344 [INFO] [central] Created task task-935c9764 for agent seo-audit-agent (Status: QUEUED)
2026-08-15 21:01:38,400 [INFO] [central] Registered agent implementation: seo-audit-agent
2026-08-15 21:01:38,413 [INFO] [central] Registered agent implementation: seo-content-brief-agent
2026-08-15 21:01:38,423 [INFO] [central] Registered agent implementation: seo-content-brief-agent
2026-08-15 21:01:38,475 [INFO] [central] Created task task-91266f05 for agent seo-content-brief-agent (Status: QUEUED)
2026-08-15 21:01:38,544 [INFO] [central] Registered agent implementation: seo-content-brief-agent
2026-08-15 21:01:38,593 [INFO] [central] Created task task-c7c7e11b for agent seo-content-brief-agent (Status: QUEUED)
2026-08-15 21:01:38,658 [INFO] [central] Registered agent implementation: seo-content-brief-agent
2026-08-15 21:01:38,672 [INFO] [central] Registered agent implementation: seo-keyword-agent
2026-08-15 21:01:38,683 [INFO] [central] Registered agent implementation: seo-keyword-agent
2026-08-15 21:01:38,731 [INFO] [central] Created task task-357992d4 for agent seo-keyword-agent (Status: QUEUED)
2026-08-15 21:01:38,793 [INFO] [central] Registered agent implementation: seo-keyword-agent
2026-08-15 21:01:38,925 [INFO] [central] Created task task-ea0cb335 for agent seo-keyword-agent (Status: QUEUED)
2026-08-15 21:01:38,981 [INFO] [central] Registered agent implementation: seo-keyword-agent
2026-08-15 21:01:39,001 [INFO] [central] Registered agent implementation: social-analytics-agent
2026-08-15 21:01:39,017 [INFO] [central] Registered agent implementation: social-analytics-agent
2026-08-15 21:01:39,073 [INFO] [central] Created task task-3d231815 for agent social-analytics-agent (Status: QUEUED)
2026-08-15 21:01:39,150 [INFO] [central] Registered agent implementation: social-analytics-agent
2026-08-15 21:01:39,212 [INFO] [central] Created task task-4e0c3081 for agent social-analytics-agent (Status: QUEUED)
2026-08-15 21:01:39,258 [INFO] [central] Registered agent implementation: social-analytics-agent
2026-08-15 21:01:39,277 [INFO] [central] Registered agent implementation: blog-agent
2026-08-15 21:01:39,329 [INFO] [central] Created task task-bee8596a for agent blog-agent (Status: QUEUED)
2026-08-15 21:01:46,864 [INFO] [central] Registered agent implementation: blog-agent
2026-08-15 21:01:46,920 [INFO] [central] Created task task-35617655 for agent blog-agent (Status: AWAITING_APPROVAL)
2026-08-15 21:01:46,920 [INFO] [central] Task task-35617655 approved by admin
2026-08-15 21:01:51,637 [INFO] [central] Registered agent implementation: blog-agent
2026-08-15 21:01:51,690 [INFO] [central] Created task task-b60c89dd for agent blog-agent (Status: AWAITING_APPROVAL)
2026-08-15 21:01:51,690 [INFO] [central] Task task-b60c89dd rejected by manager
2026-08-15 21:04:24,480 [INFO] [central] Created task task-90450a14 for agent competitor-ad-spy-agent (Status: QUEUED)
2026-08-15 21:16:12,717 [INFO] [central] Registered agent implementation: blog-agent
2026-08-15 21:16:12,717 [INFO] [central] Registered agent implementation: corporate-cars-social-agent
2026-08-15 21:16:12,719 [INFO] [central] Registered agent implementation: seo-keyword-agent
2026-08-15 21:16:12,719 [INFO] [central] Registered agent implementation: competitor-analysis-agent
2026-08-15 21:16:12,719 [INFO] [central] Registered agent implementation: seo-content-brief-agent
2026-08-15 21:16:12,720 [INFO] [central] Registered agent implementation: internal-linking-agent
2026-08-15 21:16:12,720 [INFO] [central] Registered agent implementation: seo-audit-agent
2026-08-15 21:16:12,720 [INFO] [central] Registered agent implementation: gsc-agent
2026-08-15 21:16:12,721 [INFO] [central] Registered agent implementation: ga4-reporting-agent
2026-08-15 21:16:12,721 [INFO] [central] Registered agent implementation: google-ads-monitoring-agent
2026-08-15 21:16:12,721 [INFO] [central] Registered agent implementation: google-ads-optimization-agent
2026-08-15 21:16:12,721 [INFO] [central] Registered agent implementation: meta-ads-monitoring-agent
2026-08-15 21:16:12,722 [INFO] [central] Registered agent implementation: social-analytics-agent
2026-08-15 21:16:12,723 [INFO] [central] Registered agent implementation: reputation-agent
2026-08-15 21:16:12,723 [INFO] [central] Registered agent implementation: lead-management-agent
2026-08-15 21:16:12,723 [INFO] [central] Registered agent implementation: monthly-report-agent
2026-08-15 21:16:12,723 [INFO] [central] Registered agent implementation: external-link-building-agent
2026-08-15 21:16:12,723 [INFO] [central] Registered agent implementation: competitor-ad-spy-agent
2026-08-15 21:17:38,960 [INFO] [central] Registered agent implementation: blog-agent
2026-08-15 21:17:38,960 [INFO] [central] Registered agent implementation: corporate-cars-social-agent
2026-08-15 21:17:38,962 [INFO] [central] Registered agent implementation: seo-keyword-agent
2026-08-15 21:17:38,962 [INFO] [central] Registered agent implementation: competitor-analysis-agent
2026-08-15 21:17:38,962 [INFO] [central] Registered agent implementation: seo-content-brief-agent
2026-08-15 21:17:38,966 [INFO] [central] Registered agent implementation: internal-linking-agent
2026-08-15 21:17:38,967 [INFO] [central] Registered agent implementation: seo-audit-agent
2026-08-15 21:17:38,967 [INFO] [central] Registered agent implementation: gsc-agent
2026-08-15 21:17:38,970 [INFO] [central] Registered agent implementation: ga4-reporting-agent
2026-08-15 21:17:38,970 [INFO] [central] Registered agent implementation: google-ads-monitoring-agent
2026-08-15 21:17:38,972 [INFO] [central] Registered agent implementation: google-ads-optimization-agent
2026-08-15 21:17:38,974 [INFO] [central] Registered agent implementation: meta-ads-monitoring-agent
2026-08-15 21:17:38,974 [INFO] [central] Registered agent implementation: social-analytics-agent
2026-08-15 21:17:38,975 [INFO] [central] Registered agent implementation: reputation-agent
2026-08-15 21:17:38,975 [INFO] [central] Registered agent implementation: lead-management-agent
2026-08-15 21:17:38,978 [INFO] [central] Registered agent implementation: monthly-report-agent
2026-08-15 21:17:38,980 [INFO] [central] Registered agent implementation: external-link-building-agent
2026-08-15 21:17:38,980 [INFO] [central] Registered agent implementation: competitor-ad-spy-agent
2026-08-15 21:18:14,958 [INFO] [central] Registered agent implementation: blog-agent
2026-08-15 21:18:14,960 [INFO] [central] Registered agent implementation: corporate-cars-social-agent
2026-08-15 21:18:14,960 [INFO] [central] Registered agent implementation: seo-keyword-agent
2026-08-15 21:18:14,962 [INFO] [central] Registered agent implementation: competitor-analysis-agent
2026-08-15 21:18:14,962 [INFO] [central] Registered agent implementation: seo-content-brief-agent
2026-08-15 21:18:14,964 [INFO] [central] Registered agent implementation: internal-linking-agent
2026-08-15 21:18:14,966 [INFO] [central] Registered agent implementation: seo-audit-agent
2026-08-15 21:18:14,968 [INFO] [central] Registered agent implementation: gsc-agent
2026-08-15 21:18:14,968 [INFO] [central] Registered agent implementation: ga4-reporting-agent
2026-08-15 21:18:14,969 [INFO] [central] Registered agent implementation: google-ads-monitoring-agent
2026-08-15 21:18:14,970 [INFO] [central] Registered agent implementation: google-ads-optimization-agent
2026-08-15 21:18:14,970 [INFO] [central] Registered agent implementation: meta-ads-monitoring-agent
2026-08-15 21:18:14,970 [INFO] [central] Registered agent implementation: social-analytics-agent
2026-08-15 21:18:14,970 [INFO] [central] Registered agent implementation: reputation-agent
2026-08-15 21:18:14,970 [INFO] [central] Registered agent implementation: lead-management-agent
2026-08-15 21:18:14,970 [INFO] [central] Registered agent implementation: monthly-report-agent
2026-08-15 21:18:14,972 [INFO] [central] Registered agent implementation: external-link-building-agent
2026-08-15 21:18:14,972 [INFO] [central] Registered agent implementation: competitor-ad-spy-agent
2026-08-16 08:53:55,384 [INFO] [central] Registered agent implementation: blog-agent
2026-08-16 08:53:55,387 [INFO] [central] Registered agent implementation: corporate-cars-social-agent
2026-08-16 08:53:55,387 [INFO] [central] Registered agent implementation: seo-keyword-agent
2026-08-16 08:53:55,387 [INFO] [central] Registered agent implementation: competitor-analysis-agent
2026-08-16 08:53:55,390 [INFO] [central] Registered agent implementation: seo-content-brief-agent
2026-08-16 08:53:55,390 [INFO] [central] Registered agent implementation: internal-linking-agent
2026-08-16 08:53:55,391 [INFO] [central] Registered agent implementation: seo-audit-agent
2026-08-16 08:53:55,392 [INFO] [central] Registered agent implementation: gsc-agent
2026-08-16 08:53:55,392 [INFO] [central] Registered agent implementation: ga4-reporting-agent
2026-08-16 08:53:55,394 [INFO] [central] Registered agent implementation: google-ads-monitoring-agent
2026-08-16 08:53:55,401 [INFO] [central] Registered agent implementation: google-ads-optimization-agent
2026-08-16 08:53:55,403 [INFO] [central] Registered agent implementation: meta-ads-monitoring-agent
2026-08-16 08:53:55,404 [INFO] [central] Registered agent implementation: social-analytics-agent
2026-08-16 08:53:55,405 [INFO] [central] Registered agent implementation: reputation-agent
2026-08-16 08:53:55,406 [INFO] [central] Registered agent implementation: lead-management-agent
2026-08-16 08:53:55,406 [INFO] [central] Registered agent implementation: monthly-report-agent
2026-08-16 08:53:55,406 [INFO] [central] Registered agent implementation: external-link-building-agent
2026-08-16 08:53:55,407 [INFO] [central] Registered agent implementation: competitor-ad-spy-agent
2026-08-16 09:16:00,314 [INFO] [central] Registered agent implementation: blog-agent
2026-08-16 09:16:00,317 [INFO] [central] Registered agent implementation: corporate-cars-social-agent
2026-08-16 09:16:00,317 [INFO] [central] Registered agent implementation: seo-keyword-agent
2026-08-16 09:16:00,317 [INFO] [central] Registered agent implementation: competitor-analysis-agent
2026-08-16 09:16:00,317 [INFO] [central] Registered agent implementation: seo-content-brief-agent
2026-08-16 09:16:00,318 [INFO] [central] Registered agent implementation: internal-linking-agent
2026-08-16 09:16:00,318 [INFO] [central] Registered agent implementation: seo-audit-agent
2026-08-16 09:16:00,318 [INFO] [central] Registered agent implementation: gsc-agent
2026-08-16 09:16:00,318 [INFO] [central] Registered agent implementation: ga4-reporting-agent
2026-08-16 09:16:00,319 [INFO] [central] Registered agent implementation: google-ads-monitoring-agent
2026-08-16 09:16:00,319 [INFO] [central] Registered agent implementation: google-ads-optimization-agent
2026-08-16 09:16:00,319 [INFO] [central] Registered agent implementation: meta-ads-monitoring-agent
2026-08-16 09:16:00,319 [INFO] [central] Registered agent implementation: social-analytics-agent
2026-08-16 09:16:00,320 [INFO] [central] Registered agent implementation: reputation-agent
2026-08-16 09:16:00,320 [INFO] [central] Registered agent implementation: lead-management-agent
2026-08-16 09:16:00,320 [INFO] [central] Registered agent implementation: monthly-report-agent
2026-08-16 09:16:00,321 [INFO] [central] Registered agent implementation: external-link-building-agent
2026-08-16 09:16:00,321 [INFO] [central] Registered agent implementation: competitor-ad-spy-agent
2026-08-16 09:16:01,176 [INFO] [central] Registered agent implementation: competitor-ad-spy-agent
2026-08-16 09:16:01,185 [INFO] [central] Registered agent implementation: competitor-ad-spy-agent
2026-08-16 09:16:01,273 [INFO] [central] Created task task-c96d59ed for agent competitor-ad-spy-agent (Status: QUEUED)
2026-08-16 09:16:01,388 [INFO] [central] Registered agent implementation: competitor-ad-spy-agent
2026-08-16 09:16:01,463 [INFO] [central] Registered agent implementation: competitor-ad-spy-agent
2026-08-16 09:16:01,492 [INFO] [central] Registered agent implementation: competitor-analysis-agent
2026-08-16 09:16:01,503 [INFO] [central] Registered agent implementation: competitor-analysis-agent
2026-08-16 09:16:01,549 [INFO] [central] Created task task-be88ec8b for agent competitor-analysis-agent (Status: QUEUED)
2026-08-16 09:16:01,620 [INFO] [central] Registered agent implementation: competitor-analysis-agent
2026-08-16 09:16:01,649 [INFO] [central] Created task task-97c25e3b for agent competitor-analysis-agent (Status: QUEUED)
2026-08-16 09:16:01,714 [INFO] [central] Registered agent implementation: competitor-analysis-agent
2026-08-16 09:16:01,780 [INFO] [central] Created task task-445d6287 for agent blog-agent (Status: AWAITING_APPROVAL)
2026-08-16 09:16:01,800 [INFO] [central] Task task-445d6287 approved by test_admin
2026-08-16 09:16:01,848 [INFO] [central] Created task task-046b8b46 for agent blog-agent (Status: QUEUED)
2026-08-16 09:16:02,009 [INFO] [central] Created task task-0717e832 for agent external-link-building-agent (Status: QUEUED)
2026-08-16 09:16:02,153 [INFO] [central] Created task task-9e11a7fd for agent external-link-building-agent (Status: QUEUED)
2026-08-16 09:16:13,850 [INFO] [central] Registered agent implementation: ga4-reporting-agent
2026-08-16 09:16:13,867 [INFO] [central] Registered agent implementation: ga4-reporting-agent
2026-08-16 09:16:13,919 [INFO] [central] Created task task-91eb49f5 for agent ga4-reporting-agent (Status: QUEUED)
2026-08-16 09:16:16,548 [INFO] [central] Registered agent implementation: ga4-reporting-agent
2026-08-16 09:16:16,598 [INFO] [central] Created task task-14198458 for agent ga4-reporting-agent (Status: QUEUED)
2026-08-16 09:16:16,759 [INFO] [central] Registered agent implementation: ga4-reporting-agent
2026-08-16 09:16:16,852 [INFO] [central] Registered agent implementation: google-ads-monitoring-agent
2026-08-16 09:16:16,859 [INFO] [central] Registered agent implementation: google-ads-monitoring-agent
2026-08-16 09:16:16,899 [INFO] [central] Created task task-1b6ce218 for agent google-ads-monitoring-agent (Status: QUEUED)
2026-08-16 09:16:16,959 [INFO] [central] Registered agent implementation: google-ads-monitoring-agent
2026-08-16 09:16:17,066 [INFO] [central] Created task task-98add35c for agent google-ads-monitoring-agent (Status: QUEUED)
2026-08-16 09:16:17,105 [INFO] [central] Registered agent implementation: google-ads-monitoring-agent
2026-08-16 09:16:17,115 [INFO] [central] Registered agent implementation: google-ads-monitoring-agent
2026-08-16 09:16:17,125 [INFO] [central] Registered agent implementation: google-ads-optimization-agent
2026-08-16 09:16:17,137 [INFO] [central] Registered agent implementation: google-ads-optimization-agent
2026-08-16 09:16:17,188 [INFO] [central] Created task task-05e05e79 for agent google-ads-optimization-agent (Status: QUEUED)
2026-08-16 09:16:17,248 [INFO] [central] Registered agent implementation: google-ads-optimization-agent
2026-08-16 09:16:17,297 [INFO] [central] Created task task-9ed881f5 for agent google-ads-optimization-agent (Status: QUEUED)
2026-08-16 09:16:17,346 [INFO] [central] Registered agent implementation: google-ads-optimization-agent
2026-08-16 09:16:17,355 [INFO] [central] Registered agent implementation: gsc-agent
2026-08-16 09:16:17,365 [INFO] [central] Registered agent implementation: gsc-agent
2026-08-16 09:16:17,406 [INFO] [central] Created task task-eb47a17c for agent gsc-agent (Status: QUEUED)
2026-08-16 09:16:19,263 [INFO] [central] Registered agent implementation: gsc-agent
2026-08-16 09:16:19,476 [INFO] [central] Created task task-159dda7d for agent gsc-agent (Status: QUEUED)
2026-08-16 09:16:21,291 [INFO] [central] Registered agent implementation: gsc-agent
2026-08-16 09:16:22,838 [INFO] [central] Registered agent implementation: internal-linking-agent
2026-08-16 09:16:22,850 [INFO] [central] Registered agent implementation: internal-linking-agent
2026-08-16 09:16:22,924 [INFO] [central] Created task task-8219b50d for agent internal-linking-agent (Status: QUEUED)
2026-08-16 09:16:23,168 [INFO] [central] Registered agent implementation: internal-linking-agent
2026-08-16 09:16:23,209 [INFO] [central] Created task task-b1fabb1c for agent internal-linking-agent (Status: QUEUED)
2026-08-16 09:16:23,282 [INFO] [central] Registered agent implementation: internal-linking-agent
2026-08-16 09:16:23,296 [INFO] [central] Registered agent implementation: lead-management-agent
2026-08-16 09:16:23,306 [INFO] [central] Registered agent implementation: lead-management-agent
2026-08-16 09:16:23,344 [INFO] [central] Created task task-5697e474 for agent lead-management-agent (Status: QUEUED)
2026-08-16 09:16:23,417 [INFO] [central] Registered agent implementation: lead-management-agent
2026-08-16 09:16:23,455 [INFO] [central] Created task task-0c035ec2 for agent lead-management-agent (Status: QUEUED)
2026-08-16 09:16:23,505 [INFO] [central] Registered agent implementation: lead-management-agent
2026-08-16 09:16:23,517 [INFO] [central] Registered agent implementation: lead-management-agent
2026-08-16 09:16:23,531 [INFO] [central] Registered agent implementation: meta-ads-monitoring-agent
2026-08-16 09:16:23,541 [INFO] [central] Registered agent implementation: meta-ads-monitoring-agent
2026-08-16 09:16:23,603 [INFO] [central] Created task task-e88c375b for agent meta-ads-monitoring-agent (Status: QUEUED)
2026-08-16 09:16:23,667 [INFO] [central] Registered agent implementation: meta-ads-monitoring-agent
2026-08-16 09:16:23,710 [INFO] [central] Created task task-605ac234 for agent meta-ads-monitoring-agent (Status: QUEUED)
2026-08-16 09:16:23,759 [INFO] [central] Registered agent implementation: meta-ads-monitoring-agent
2026-08-16 09:16:23,771 [INFO] [central] Registered agent implementation: meta-ads-monitoring-agent
2026-08-16 09:16:23,786 [INFO] [central] Registered agent implementation: monthly-report-agent
2026-08-16 09:16:23,798 [INFO] [central] Registered agent implementation: monthly-report-agent
2026-08-16 09:16:23,849 [INFO] [central] Created task task-b84b94bd for agent monthly-report-agent (Status: QUEUED)
2026-08-16 09:16:23,916 [INFO] [central] Registered agent implementation: monthly-report-agent
2026-08-16 09:16:23,971 [INFO] [central] Created task task-4028128d for agent monthly-report-agent (Status: QUEUED)
2026-08-16 09:16:24,009 [INFO] [central] Registered agent implementation: monthly-report-agent
2026-08-16 09:16:24,023 [INFO] [central] Registered agent implementation: reputation-agent
2026-08-16 09:16:24,038 [INFO] [central] Registered agent implementation: reputation-agent
2026-08-16 09:16:24,083 [INFO] [central] Created task task-c687b195 for agent reputation-agent (Status: QUEUED)
2026-08-16 09:16:24,137 [INFO] [central] Registered agent implementation: reputation-agent
2026-08-16 09:16:24,315 [INFO] [central] Created task task-eb3e738f for agent reputation-agent (Status: QUEUED)
2026-08-16 09:16:24,384 [INFO] [central] Registered agent implementation: reputation-agent
2026-08-16 09:16:24,401 [INFO] [central] Registered agent implementation: reputation-agent
2026-08-16 09:16:24,430 [INFO] [central] Registered agent implementation: seo-audit-agent
2026-08-16 09:16:24,447 [INFO] [central] Registered agent implementation: seo-audit-agent
2026-08-16 09:16:24,518 [INFO] [central] Created task task-3b127154 for agent seo-audit-agent (Status: QUEUED)
2026-08-16 09:16:24,588 [INFO] [central] Registered agent implementation: seo-audit-agent
2026-08-16 09:16:24,623 [INFO] [central] Created task task-4945005b for agent seo-audit-agent (Status: QUEUED)
2026-08-16 09:16:24,670 [INFO] [central] Registered agent implementation: seo-audit-agent
2026-08-16 09:16:24,682 [INFO] [central] Registered agent implementation: seo-content-brief-agent
2026-08-16 09:16:24,693 [INFO] [central] Registered agent implementation: seo-content-brief-agent
2026-08-16 09:16:24,746 [INFO] [central] Created task task-732ca2c5 for agent seo-content-brief-agent (Status: QUEUED)
2026-08-16 09:16:24,821 [INFO] [central] Registered agent implementation: seo-content-brief-agent
2026-08-16 09:16:24,857 [INFO] [central] Created task task-4780604e for agent seo-content-brief-agent (Status: QUEUED)
2026-08-16 09:16:24,910 [INFO] [central] Registered agent implementation: seo-content-brief-agent
2026-08-16 09:16:24,922 [INFO] [central] Registered agent implementation: seo-keyword-agent
2026-08-16 09:16:24,934 [INFO] [central] Registered agent implementation: seo-keyword-agent
2026-08-16 09:16:24,974 [INFO] [central] Created task task-ea96526e for agent seo-keyword-agent (Status: QUEUED)
2026-08-16 09:16:25,054 [INFO] [central] Registered agent implementation: seo-keyword-agent
2026-08-16 09:16:25,098 [INFO] [central] Created task task-33114597 for agent seo-keyword-agent (Status: QUEUED)
2026-08-16 09:16:25,149 [INFO] [central] Registered agent implementation: seo-keyword-agent
2026-08-16 09:16:25,159 [INFO] [central] Registered agent implementation: social-analytics-agent
2026-08-16 09:16:25,169 [INFO] [central] Registered agent implementation: social-analytics-agent
2026-08-16 09:16:25,217 [INFO] [central] Created task task-0001e26b for agent social-analytics-agent (Status: QUEUED)
2026-08-16 09:16:25,287 [INFO] [central] Registered agent implementation: social-analytics-agent
2026-08-16 09:16:25,338 [INFO] [central] Created task task-f47a9742 for agent social-analytics-agent (Status: QUEUED)
2026-08-16 09:16:25,397 [INFO] [central] Registered agent implementation: social-analytics-agent
2026-08-16 09:16:25,413 [INFO] [central] Registered agent implementation: blog-agent
2026-08-16 09:16:25,480 [INFO] [central] Created task task-e5aa07b5 for agent blog-agent (Status: QUEUED)
2026-08-16 09:16:29,956 [INFO] [central] Registered agent implementation: blog-agent
2026-08-16 09:16:30,004 [INFO] [central] Created task task-927775d5 for agent blog-agent (Status: AWAITING_APPROVAL)
2026-08-16 09:16:30,004 [INFO] [central] Task task-927775d5 approved by admin
2026-08-16 09:16:34,301 [INFO] [central] Registered agent implementation: blog-agent
2026-08-16 09:16:34,352 [INFO] [central] Created task task-80f4ecdc for agent blog-agent (Status: AWAITING_APPROVAL)
2026-08-16 09:16:34,352 [INFO] [central] Task task-80f4ecdc rejected by manager
2026-08-16 09:17:37,584 [INFO] [central] Registered agent implementation: blog-agent
2026-08-16 09:17:37,584 [INFO] [central] Registered agent implementation: corporate-cars-social-agent
2026-08-16 09:17:37,584 [INFO] [central] Registered agent implementation: seo-keyword-agent
2026-08-16 09:17:37,584 [INFO] [central] Registered agent implementation: competitor-analysis-agent
2026-08-16 09:17:37,590 [INFO] [central] Registered agent implementation: seo-content-brief-agent
2026-08-16 09:17:37,590 [INFO] [central] Registered agent implementation: internal-linking-agent
2026-08-16 09:17:37,590 [INFO] [central] Registered agent implementation: seo-audit-agent
2026-08-16 09:17:37,590 [INFO] [central] Registered agent implementation: gsc-agent
2026-08-16 09:17:37,593 [INFO] [central] Registered agent implementation: ga4-reporting-agent
2026-08-16 09:17:37,593 [INFO] [central] Registered agent implementation: google-ads-monitoring-agent
2026-08-16 09:17:37,593 [INFO] [central] Registered agent implementation: google-ads-optimization-agent
2026-08-16 09:17:37,593 [INFO] [central] Registered agent implementation: meta-ads-monitoring-agent
2026-08-16 09:17:37,593 [INFO] [central] Registered agent implementation: social-analytics-agent
2026-08-16 09:17:37,593 [INFO] [central] Registered agent implementation: reputation-agent
2026-08-16 09:17:37,593 [INFO] [central] Registered agent implementation: lead-management-agent
2026-08-16 09:17:37,593 [INFO] [central] Registered agent implementation: monthly-report-agent
2026-08-16 09:17:37,593 [INFO] [central] Registered agent implementation: external-link-building-agent
2026-08-16 09:17:37,593 [INFO] [central] Registered agent implementation: competitor-ad-spy-agent
2026-08-16 09:17:47,360 [INFO] [central] Registered agent implementation: blog-agent
2026-08-16 09:17:47,367 [INFO] [central] Registered agent implementation: corporate-cars-social-agent
2026-08-16 09:17:47,367 [INFO] [central] Registered agent implementation: seo-keyword-agent
2026-08-16 09:17:47,369 [INFO] [central] Registered agent implementation: competitor-analysis-agent
2026-08-16 09:17:47,369 [INFO] [central] Registered agent implementation: seo-content-brief-agent
2026-08-16 09:17:47,369 [INFO] [central] Registered agent implementation: internal-linking-agent
2026-08-16 09:17:47,369 [INFO] [central] Registered agent implementation: seo-audit-agent
2026-08-16 09:17:47,369 [INFO] [central] Registered agent implementation: gsc-agent
2026-08-16 09:17:47,369 [INFO] [central] Registered agent implementation: ga4-reporting-agent
2026-08-16 09:17:47,369 [INFO] [central] Registered agent implementation: google-ads-monitoring-agent
2026-08-16 09:17:47,369 [INFO] [central] Registered agent implementation: google-ads-optimization-agent
2026-08-16 09:17:47,369 [INFO] [central] Registered agent implementation: meta-ads-monitoring-agent
2026-08-16 09:17:47,376 [INFO] [central] Registered agent implementation: social-analytics-agent
2026-08-16 09:17:47,376 [INFO] [central] Registered agent implementation: reputation-agent
2026-08-16 09:17:47,376 [INFO] [central] Registered agent implementation: lead-management-agent
2026-08-16 09:17:47,376 [INFO] [central] Registered agent implementation: monthly-report-agent
2026-08-16 09:17:47,376 [INFO] [central] Registered agent implementation: external-link-building-agent
2026-08-16 09:17:47,376 [INFO] [central] Registered agent implementation: competitor-ad-spy-agent
2026-08-16 09:18:24,312 [INFO] [central] Registered agent implementation: blog-agent
2026-08-16 09:18:24,313 [INFO] [central] Registered agent implementation: corporate-cars-social-agent
2026-08-16 09:18:24,313 [INFO] [central] Registered agent implementation: seo-keyword-agent
2026-08-16 09:18:24,314 [INFO] [central] Registered agent implementation: competitor-analysis-agent
2026-08-16 09:18:24,314 [INFO] [central] Registered agent implementation: seo-content-brief-agent
2026-08-16 09:18:24,314 [INFO] [central] Registered agent implementation: internal-linking-agent
2026-08-16 09:18:24,314 [INFO] [central] Registered agent implementation: seo-audit-agent
2026-08-16 09:18:24,314 [INFO] [central] Registered agent implementation: gsc-agent
2026-08-16 09:18:24,314 [INFO] [central] Registered agent implementation: ga4-reporting-agent
2026-08-16 09:18:24,314 [INFO] [central] Registered agent implementation: google-ads-monitoring-agent
2026-08-16 09:18:24,315 [INFO] [central] Registered agent implementation: google-ads-optimization-agent
2026-08-16 09:18:24,315 [INFO] [central] Registered agent implementation: meta-ads-monitoring-agent
2026-08-16 09:18:24,315 [INFO] [central] Registered agent implementation: social-analytics-agent
2026-08-16 09:18:24,315 [INFO] [central] Registered agent implementation: reputation-agent
2026-08-16 09:18:24,316 [INFO] [central] Registered agent implementation: lead-management-agent
2026-08-16 09:18:24,316 [INFO] [central] Registered agent implementation: monthly-report-agent
2026-08-16 09:18:24,316 [INFO] [central] Registered agent implementation: external-link-building-agent
2026-08-16 09:18:24,316 [INFO] [central] Registered agent implementation: competitor-ad-spy-agent
2026-08-16 09:18:24,552 [INFO] [central] Created task task-4b69416d for agent blog-agent (Status: AWAITING_APPROVAL)
2026-08-16 09:18:24,576 [INFO] [central] Task task-4b69416d approved by test_admin
2026-08-16 09:18:29,017 [INFO] [central] Created task task-d94da2fa for agent blog-agent (Status: QUEUED)
2026-08-16 09:18:29,156 [INFO] [central] Created task task-53947eed for agent external-link-building-agent (Status: QUEUED)
2026-08-16 09:18:29,213 [INFO] [central] Created task task-51cc0063 for agent external-link-building-agent (Status: QUEUED)
2026-08-16 09:18:29,696 [INFO] [central] Registered agent implementation: blog-agent
2026-08-16 09:18:29,732 [INFO] [central] Created task task-489d1c81 for agent blog-agent (Status: QUEUED)
2026-08-16 09:18:34,085 [INFO] [central] Registered agent implementation: blog-agent
2026-08-16 09:18:34,134 [INFO] [central] Created task task-2551415e for agent blog-agent (Status: AWAITING_APPROVAL)
2026-08-16 09:18:34,134 [INFO] [central] Task task-2551415e approved by admin
2026-08-16 09:18:38,347 [INFO] [central] Registered agent implementation: blog-agent
2026-08-16 09:18:38,396 [INFO] [central] Created task task-046254df for agent blog-agent (Status: AWAITING_APPROVAL)
2026-08-16 09:18:38,396 [INFO] [central] Task task-046254df rejected by manager
2026-08-16 09:18:58,231 [INFO] [central] Registered agent implementation: blog-agent
2026-08-16 09:18:58,231 [INFO] [central] Registered agent implementation: corporate-cars-social-agent
2026-08-16 09:18:58,231 [INFO] [central] Registered agent implementation: seo-keyword-agent
2026-08-16 09:18:58,231 [INFO] [central] Registered agent implementation: competitor-analysis-agent
2026-08-16 09:18:58,231 [INFO] [central] Registered agent implementation: seo-content-brief-agent
2026-08-16 09:18:58,236 [INFO] [central] Registered agent implementation: internal-linking-agent
2026-08-16 09:18:58,236 [INFO] [central] Registered agent implementation: seo-audit-agent
2026-08-16 09:18:58,236 [INFO] [central] Registered agent implementation: gsc-agent
2026-08-16 09:18:58,238 [INFO] [central] Registered agent implementation: ga4-reporting-agent
2026-08-16 09:18:58,238 [INFO] [central] Registered agent implementation: google-ads-monitoring-agent
2026-08-16 09:18:58,239 [INFO] [central] Registered agent implementation: google-ads-optimization-agent
2026-08-16 09:18:58,239 [INFO] [central] Registered agent implementation: meta-ads-monitoring-agent
2026-08-16 09:18:58,239 [INFO] [central] Registered agent implementation: social-analytics-agent
2026-08-16 09:18:58,239 [INFO] [central] Registered agent implementation: reputation-agent
2026-08-16 09:18:58,242 [INFO] [central] Registered agent implementation: lead-management-agent
2026-08-16 09:18:58,242 [INFO] [central] Registered agent implementation: monthly-report-agent
2026-08-16 09:18:58,242 [INFO] [central] Registered agent implementation: external-link-building-agent
2026-08-16 09:18:58,242 [INFO] [central] Registered agent implementation: competitor-ad-spy-agent
2026-08-16 09:21:10,929 [INFO] [central] Registered agent implementation: blog-agent
2026-08-16 09:21:10,930 [INFO] [central] Registered agent implementation: corporate-cars-social-agent
2026-08-16 09:21:10,930 [INFO] [central] Registered agent implementation: seo-keyword-agent
2026-08-16 09:21:10,930 [INFO] [central] Registered agent implementation: competitor-analysis-agent
2026-08-16 09:21:10,930 [INFO] [central] Registered agent implementation: seo-content-brief-agent
2026-08-16 09:21:10,931 [INFO] [central] Registered agent implementation: internal-linking-agent
2026-08-16 09:21:10,931 [INFO] [central] Registered agent implementation: seo-audit-agent
2026-08-16 09:21:10,931 [INFO] [central] Registered agent implementation: gsc-agent
2026-08-16 09:21:10,931 [INFO] [central] Registered agent implementation: ga4-reporting-agent
2026-08-16 09:21:10,931 [INFO] [central] Registered agent implementation: google-ads-monitoring-agent
2026-08-16 09:21:10,932 [INFO] [central] Registered agent implementation: google-ads-optimization-agent
2026-08-16 09:21:10,932 [INFO] [central] Registered agent implementation: meta-ads-monitoring-agent
2026-08-16 09:21:10,932 [INFO] [central] Registered agent implementation: social-analytics-agent
2026-08-16 09:21:10,932 [INFO] [central] Registered agent implementation: reputation-agent
2026-08-16 09:21:10,932 [INFO] [central] Registered agent implementation: lead-management-agent
2026-08-16 09:21:10,933 [INFO] [central] Registered agent implementation: monthly-report-agent
2026-08-16 09:21:10,933 [INFO] [central] Registered agent implementation: external-link-building-agent
2026-08-16 09:21:10,933 [INFO] [central] Registered agent implementation: competitor-ad-spy-agent
2026-08-16 09:21:11,121 [INFO] [central] Created task task-daff62c3 for agent blog-agent (Status: AWAITING_APPROVAL)
2026-08-16 09:21:11,151 [INFO] [central] Task task-daff62c3 approved by test_admin
2026-08-16 09:21:15,080 [INFO] [central] Created task task-d60f0f76 for agent blog-agent (Status: QUEUED)
2026-08-16 09:21:15,272 [INFO] [central] Created task task-e2e382db for agent external-link-building-agent (Status: QUEUED)
2026-08-16 09:21:15,382 [INFO] [central] Created task task-b85a91d8 for agent external-link-building-agent (Status: QUEUED)
2026-08-16 09:21:15,902 [INFO] [central] Registered agent implementation: blog-agent
2026-08-16 09:21:15,951 [INFO] [central] Created task task-c974a498 for agent blog-agent (Status: QUEUED)
2026-08-16 09:21:20,309 [INFO] [central] Registered agent implementation: blog-agent
2026-08-16 09:21:20,348 [INFO] [central] Created task task-07028188 for agent blog-agent (Status: AWAITING_APPROVAL)
2026-08-16 09:21:20,348 [INFO] [central] Task task-07028188 approved by admin
2026-08-16 09:21:24,510 [INFO] [central] Registered agent implementation: blog-agent
2026-08-16 09:21:24,561 [INFO] [central] Created task task-b4643d5f for agent blog-agent (Status: AWAITING_APPROVAL)
2026-08-16 09:21:24,562 [INFO] [central] Task task-b4643d5f rejected by manager
2026-08-16 09:21:43,574 [INFO] [central] Task task-c2ad661b approved by admin
2026-08-16 09:21:59,104 [INFO] [central] Task task-dca7fa76 approved by dashboard_user
2026-08-16 09:22:03,134 [INFO] [central] Task task-dbd876e9 approved by dashboard_user
2026-08-16 09:22:06,778 [INFO] [central] Task task-eafa617f approved by dashboard_user
2026-08-16 09:22:11,814 [INFO] [central] Task task-eea2c2ce approved by dashboard_user
2026-08-16 09:22:16,683 [INFO] [central] Task task-67fbb7e7 approved by dashboard_user
2026-08-16 09:22:21,891 [INFO] [central] Task task-ff163f21 approved by dashboard_user
2026-08-16 09:22:27,060 [INFO] [central] Task task-2de2d539 approved by dashboard_user
2026-08-16 09:22:32,093 [INFO] [central] Task task-927775d5 approved by dashboard_user
2026-08-16 09:22:36,662 [INFO] [central] Task task-80f4ecdc approved by dashboard_user
2026-08-16 09:22:40,887 [INFO] [central] Task task-2551415e approved by dashboard_user
2026-08-16 09:22:46,263 [INFO] [central] Task task-046254df approved by dashboard_user
2026-08-16 09:25:15,009 [INFO] [central] Registered agent implementation: blog-agent
2026-08-16 09:25:15,009 [INFO] [central] Registered agent implementation: corporate-cars-social-agent
2026-08-16 09:25:15,015 [INFO] [central] Registered agent implementation: seo-keyword-agent
2026-08-16 09:25:15,019 [INFO] [central] Registered agent implementation: competitor-analysis-agent
2026-08-16 09:25:15,021 [INFO] [central] Registered agent implementation: seo-content-brief-agent
2026-08-16 09:25:15,021 [INFO] [central] Registered agent implementation: internal-linking-agent
2026-08-16 09:25:15,021 [INFO] [central] Registered agent implementation: seo-audit-agent
2026-08-16 09:25:15,024 [INFO] [central] Registered agent implementation: gsc-agent
2026-08-16 09:25:15,024 [INFO] [central] Registered agent implementation: ga4-reporting-agent
2026-08-16 09:25:15,024 [INFO] [central] Registered agent implementation: google-ads-monitoring-agent
2026-08-16 09:25:15,025 [INFO] [central] Registered agent implementation: google-ads-optimization-agent
2026-08-16 09:25:15,025 [INFO] [central] Registered agent implementation: meta-ads-monitoring-agent
2026-08-16 09:25:15,026 [INFO] [central] Registered agent implementation: social-analytics-agent
2026-08-16 09:25:15,026 [INFO] [central] Registered agent implementation: reputation-agent
2026-08-16 09:25:15,028 [INFO] [central] Registered agent implementation: lead-management-agent
2026-08-16 09:25:15,028 [INFO] [central] Registered agent implementation: monthly-report-agent
2026-08-16 09:25:15,028 [INFO] [central] Registered agent implementation: external-link-building-agent
2026-08-16 09:25:15,028 [INFO] [central] Registered agent implementation: competitor-ad-spy-agent
2026-08-16 09:25:18,955 [INFO] [central] Registered agent implementation: blog-agent
2026-08-16 09:25:18,956 [INFO] [central] Registered agent implementation: corporate-cars-social-agent
2026-08-16 09:25:18,956 [INFO] [central] Registered agent implementation: seo-keyword-agent
2026-08-16 09:25:18,957 [INFO] [central] Registered agent implementation: competitor-analysis-agent
2026-08-16 09:25:18,957 [INFO] [central] Registered agent implementation: seo-content-brief-agent
2026-08-16 09:25:18,957 [INFO] [central] Registered agent implementation: internal-linking-agent
2026-08-16 09:25:18,957 [INFO] [central] Registered agent implementation: seo-audit-agent
2026-08-16 09:25:18,957 [INFO] [central] Registered agent implementation: gsc-agent
2026-08-16 09:25:18,957 [INFO] [central] Registered agent implementation: ga4-reporting-agent
2026-08-16 09:25:18,958 [INFO] [central] Registered agent implementation: google-ads-monitoring-agent
2026-08-16 09:25:18,958 [INFO] [central] Registered agent implementation: google-ads-optimization-agent
2026-08-16 09:25:18,958 [INFO] [central] Registered agent implementation: meta-ads-monitoring-agent
2026-08-16 09:25:18,958 [INFO] [central] Registered agent implementation: social-analytics-agent
2026-08-16 09:25:18,958 [INFO] [central] Registered agent implementation: reputation-agent
2026-08-16 09:25:18,959 [INFO] [central] Registered agent implementation: lead-management-agent
2026-08-16 09:25:18,959 [INFO] [central] Registered agent implementation: monthly-report-agent
2026-08-16 09:25:18,959 [INFO] [central] Registered agent implementation: external-link-building-agent
2026-08-16 09:25:18,959 [INFO] [central] Registered agent implementation: competitor-ad-spy-agent
2026-08-16 09:25:19,180 [INFO] [central] Created task task-c6102c0b for agent blog-agent (Status: AWAITING_APPROVAL)
2026-08-16 09:25:19,205 [INFO] [central] Task task-c6102c0b approved by test_admin
2026-08-16 09:25:23,491 [INFO] [central] Created task task-6a0534cf for agent blog-agent (Status: QUEUED)
2026-08-16 09:25:23,634 [INFO] [central] Created task task-63931b14 for agent external-link-building-agent (Status: QUEUED)
2026-08-16 09:25:23,713 [INFO] [central] Created task task-819619d5 for agent external-link-building-agent (Status: QUEUED)
2026-08-16 09:26:03,980 [INFO] [central] Task task-c2ad661b approved by dashboard_user
2026-08-16 09:26:09,278 [INFO] [central] Task task-dca7fa76 approved by dashboard_user
2026-08-16 09:26:14,289 [INFO] [central] Task task-dbd876e9 approved by dashboard_user
2026-08-16 09:26:19,554 [INFO] [central] Task task-eafa617f approved by dashboard_user
2026-08-16 09:26:24,646 [INFO] [central] Task task-eea2c2ce approved by dashboard_user
2026-08-16 09:26:29,462 [INFO] [central] Task task-67fbb7e7 approved by dashboard_user
2026-08-16 09:26:34,724 [INFO] [central] Task task-ff163f21 approved by dashboard_user
2026-08-16 09:26:39,480 [INFO] [central] Task task-2de2d539 approved by dashboard_user
2026-08-16 09:26:44,648 [INFO] [central] Task task-927775d5 approved by dashboard_user
2026-08-16 09:26:49,746 [INFO] [central] Task task-80f4ecdc approved by dashboard_user
2026-08-16 09:26:54,804 [INFO] [central] Task task-2551415e approved by dashboard_user
2026-08-16 09:26:59,800 [INFO] [central] Task task-046254df approved by dashboard_user
2026-08-16 09:27:04,636 [INFO] [central] Task task-07028188 approved by dashboard_user
2026-08-16 09:27:09,770 [INFO] [central] Task task-b4643d5f approved by dashboard_user
2026-08-16 09:40:42,260 [INFO] [central] Registered agent implementation: blog-agent
2026-08-16 09:40:42,260 [INFO] [central] Registered agent implementation: corporate-cars-social-agent
2026-08-16 09:40:42,260 [INFO] [central] Registered agent implementation: seo-keyword-agent
2026-08-16 09:40:42,260 [INFO] [central] Registered agent implementation: competitor-analysis-agent
2026-08-16 09:40:42,260 [INFO] [central] Registered agent implementation: seo-content-brief-agent
2026-08-16 09:40:42,260 [INFO] [central] Registered agent implementation: internal-linking-agent
2026-08-16 09:40:42,260 [INFO] [central] Registered agent implementation: seo-audit-agent
2026-08-16 09:40:42,260 [INFO] [central] Registered agent implementation: gsc-agent
2026-08-16 09:40:42,267 [INFO] [central] Registered agent implementation: ga4-reporting-agent
2026-08-16 09:40:42,267 [INFO] [central] Registered agent implementation: google-ads-monitoring-agent
2026-08-16 09:40:42,267 [INFO] [central] Registered agent implementation: google-ads-optimization-agent
2026-08-16 09:40:42,270 [INFO] [central] Registered agent implementation: meta-ads-monitoring-agent
2026-08-16 09:40:42,271 [INFO] [central] Registered agent implementation: social-analytics-agent
2026-08-16 09:40:42,271 [INFO] [central] Registered agent implementation: reputation-agent
2026-08-16 09:40:42,271 [INFO] [central] Registered agent implementation: lead-management-agent
2026-08-16 09:40:42,271 [INFO] [central] Registered agent implementation: monthly-report-agent
2026-08-16 09:40:42,271 [INFO] [central] Registered agent implementation: external-link-building-agent
2026-08-16 09:40:42,271 [INFO] [central] Registered agent implementation: competitor-ad-spy-agent
2026-08-16 09:40:49,657 [INFO] [central] Registered agent implementation: blog-agent
2026-08-16 09:40:49,657 [INFO] [central] Registered agent implementation: corporate-cars-social-agent
2026-08-16 09:40:49,665 [INFO] [central] Registered agent implementation: seo-keyword-agent
2026-08-16 09:40:49,665 [INFO] [central] Registered agent implementation: competitor-analysis-agent
2026-08-16 09:40:49,665 [INFO] [central] Registered agent implementation: seo-content-brief-agent
2026-08-16 09:40:49,665 [INFO] [central] Registered agent implementation: internal-linking-agent
2026-08-16 09:40:49,667 [INFO] [central] Registered agent implementation: seo-audit-agent
2026-08-16 09:40:49,667 [INFO] [central] Registered agent implementation: gsc-agent
2026-08-16 09:40:49,667 [INFO] [central] Registered agent implementation: ga4-reporting-agent
2026-08-16 09:40:49,667 [INFO] [central] Registered agent implementation: google-ads-monitoring-agent
2026-08-16 09:40:49,667 [INFO] [central] Registered agent implementation: google-ads-optimization-agent
2026-08-16 09:40:49,667 [INFO] [central] Registered agent implementation: meta-ads-monitoring-agent
2026-08-16 09:40:49,667 [INFO] [central] Registered agent implementation: social-analytics-agent
2026-08-16 09:40:49,667 [INFO] [central] Registered agent implementation: reputation-agent
2026-08-16 09:40:49,673 [INFO] [central] Registered agent implementation: lead-management-agent
2026-08-16 09:40:49,674 [INFO] [central] Registered agent implementation: monthly-report-agent
2026-08-16 09:40:49,674 [INFO] [central] Registered agent implementation: external-link-building-agent
2026-08-16 09:40:49,674 [INFO] [central] Registered agent implementation: competitor-ad-spy-agent
2026-08-16 09:41:02,167 [INFO] [central] Registered agent implementation: blog-agent
2026-08-16 09:41:02,167 [INFO] [central] Registered agent implementation: corporate-cars-social-agent
2026-08-16 09:41:02,167 [INFO] [central] Registered agent implementation: seo-keyword-agent
2026-08-16 09:41:02,167 [INFO] [central] Registered agent implementation: competitor-analysis-agent
2026-08-16 09:41:02,167 [INFO] [central] Registered agent implementation: seo-content-brief-agent
2026-08-16 09:41:02,172 [INFO] [central] Registered agent implementation: internal-linking-agent
2026-08-16 09:41:02,172 [INFO] [central] Registered agent implementation: seo-audit-agent
2026-08-16 09:41:02,172 [INFO] [central] Registered agent implementation: gsc-agent
2026-08-16 09:41:02,172 [INFO] [central] Registered agent implementation: ga4-reporting-agent
2026-08-16 09:41:02,175 [INFO] [central] Registered agent implementation: google-ads-monitoring-agent
2026-08-16 09:41:02,176 [INFO] [central] Registered agent implementation: google-ads-optimization-agent
2026-08-16 09:41:02,176 [INFO] [central] Registered agent implementation: meta-ads-monitoring-agent
2026-08-16 09:41:02,176 [INFO] [central] Registered agent implementation: social-analytics-agent
2026-08-16 09:41:02,176 [INFO] [central] Registered agent implementation: reputation-agent
2026-08-16 09:41:02,176 [INFO] [central] Registered agent implementation: lead-management-agent
2026-08-16 09:41:02,176 [INFO] [central] Registered agent implementation: monthly-report-agent
2026-08-16 09:41:02,176 [INFO] [central] Registered agent implementation: external-link-building-agent
2026-08-16 09:41:02,176 [INFO] [central] Registered agent implementation: competitor-ad-spy-agent
2026-08-16 09:41:24,193 [INFO] [central] Registered agent implementation: blog-agent
2026-08-16 09:41:24,201 [INFO] [central] Registered agent implementation: corporate-cars-social-agent
2026-08-16 09:41:24,201 [INFO] [central] Registered agent implementation: seo-keyword-agent
2026-08-16 09:41:24,201 [INFO] [central] Registered agent implementation: competitor-analysis-agent
2026-08-16 09:41:24,201 [INFO] [central] Registered agent implementation: seo-content-brief-agent
2026-08-16 09:41:24,201 [INFO] [central] Registered agent implementation: internal-linking-agent
2026-08-16 09:41:24,201 [INFO] [central] Registered agent implementation: seo-audit-agent
2026-08-16 09:41:24,201 [INFO] [central] Registered agent implementation: gsc-agent
2026-08-16 09:41:24,206 [INFO] [central] Registered agent implementation: ga4-reporting-agent
2026-08-16 09:41:24,206 [INFO] [central] Registered agent implementation: google-ads-monitoring-agent
2026-08-16 09:41:24,206 [INFO] [central] Registered agent implementation: google-ads-optimization-agent
2026-08-16 09:41:24,210 [INFO] [central] Registered agent implementation: meta-ads-monitoring-agent
2026-08-16 09:41:24,210 [INFO] [central] Registered agent implementation: social-analytics-agent
2026-08-16 09:41:24,210 [INFO] [central] Registered agent implementation: reputation-agent
2026-08-16 09:41:24,210 [INFO] [central] Registered agent implementation: lead-management-agent
2026-08-16 09:41:24,210 [INFO] [central] Registered agent implementation: monthly-report-agent
2026-08-16 09:41:24,210 [INFO] [central] Registered agent implementation: external-link-building-agent
2026-08-16 09:41:24,210 [INFO] [central] Registered agent implementation: competitor-ad-spy-agent
2026-08-16 09:41:41,932 [INFO] [central] Registered agent implementation: blog-agent
2026-08-16 09:41:41,933 [INFO] [central] Registered agent implementation: corporate-cars-social-agent
2026-08-16 09:41:41,933 [INFO] [central] Registered agent implementation: seo-keyword-agent
2026-08-16 09:41:41,933 [INFO] [central] Registered agent implementation: competitor-analysis-agent
2026-08-16 09:41:41,933 [INFO] [central] Registered agent implementation: seo-content-brief-agent
2026-08-16 09:41:41,933 [INFO] [central] Registered agent implementation: internal-linking-agent
2026-08-16 09:41:41,938 [INFO] [central] Registered agent implementation: seo-audit-agent
2026-08-16 09:41:41,938 [INFO] [central] Registered agent implementation: gsc-agent
2026-08-16 09:41:41,938 [INFO] [central] Registered agent implementation: ga4-reporting-agent
2026-08-16 09:41:41,938 [INFO] [central] Registered agent implementation: google-ads-monitoring-agent
2026-08-16 09:41:41,940 [INFO] [central] Registered agent implementation: google-ads-optimization-agent
2026-08-16 09:41:41,940 [INFO] [central] Registered agent implementation: meta-ads-monitoring-agent
2026-08-16 09:41:41,942 [INFO] [central] Registered agent implementation: social-analytics-agent
2026-08-16 09:41:41,942 [INFO] [central] Registered agent implementation: reputation-agent
2026-08-16 09:41:41,944 [INFO] [central] Registered agent implementation: lead-management-agent
2026-08-16 09:41:41,944 [INFO] [central] Registered agent implementation: monthly-report-agent
2026-08-16 09:41:41,944 [INFO] [central] Registered agent implementation: external-link-building-agent
2026-08-16 09:41:41,944 [INFO] [central] Registered agent implementation: competitor-ad-spy-agent
2026-08-16 09:41:54,127 [INFO] [central] Registered agent implementation: blog-agent
2026-08-16 09:41:54,127 [INFO] [central] Registered agent implementation: corporate-cars-social-agent
2026-08-16 09:41:54,127 [INFO] [central] Registered agent implementation: seo-keyword-agent
2026-08-16 09:41:54,135 [INFO] [central] Registered agent implementation: competitor-analysis-agent
2026-08-16 09:41:54,135 [INFO] [central] Registered agent implementation: seo-content-brief-agent
2026-08-16 09:41:54,135 [INFO] [central] Registered agent implementation: internal-linking-agent
2026-08-16 09:41:54,135 [INFO] [central] Registered agent implementation: seo-audit-agent
2026-08-16 09:41:54,135 [INFO] [central] Registered agent implementation: gsc-agent
2026-08-16 09:41:54,135 [INFO] [central] Registered agent implementation: ga4-reporting-agent
2026-08-16 09:41:54,138 [INFO] [central] Registered agent implementation: google-ads-monitoring-agent
2026-08-16 09:41:54,138 [INFO] [central] Registered agent implementation: google-ads-optimization-agent
2026-08-16 09:41:54,138 [INFO] [central] Registered agent implementation: meta-ads-monitoring-agent
2026-08-16 09:41:54,138 [INFO] [central] Registered agent implementation: social-analytics-agent
2026-08-16 09:41:54,138 [INFO] [central] Registered agent implementation: reputation-agent
2026-08-16 09:41:54,138 [INFO] [central] Registered agent implementation: lead-management-agent
2026-08-16 09:41:54,140 [INFO] [central] Registered agent implementation: monthly-report-agent
2026-08-16 09:41:54,140 [INFO] [central] Registered agent implementation: external-link-building-agent
2026-08-16 09:41:54,140 [INFO] [central] Registered agent implementation: competitor-ad-spy-agent
2026-08-16 09:44:20,030 [INFO] [central] Registered agent implementation: blog-agent
2026-08-16 09:44:20,031 [INFO] [central] Registered agent implementation: corporate-cars-social-agent
2026-08-16 09:44:20,031 [INFO] [central] Registered agent implementation: seo-keyword-agent
2026-08-16 09:44:20,031 [INFO] [central] Registered agent implementation: competitor-analysis-agent
2026-08-16 09:44:20,031 [INFO] [central] Registered agent implementation: seo-content-brief-agent
2026-08-16 09:44:20,031 [INFO] [central] Registered agent implementation: internal-linking-agent
2026-08-16 09:44:20,031 [INFO] [central] Registered agent implementation: seo-audit-agent
2026-08-16 09:44:20,031 [INFO] [central] Registered agent implementation: gsc-agent
2026-08-16 09:44:20,031 [INFO] [central] Registered agent implementation: ga4-reporting-agent
2026-08-16 09:44:20,032 [INFO] [central] Registered agent implementation: google-ads-monitoring-agent
2026-08-16 09:44:20,032 [INFO] [central] Registered agent implementation: google-ads-optimization-agent
2026-08-16 09:44:20,032 [INFO] [central] Registered agent implementation: meta-ads-monitoring-agent
2026-08-16 09:44:20,032 [INFO] [central] Registered agent implementation: social-analytics-agent
2026-08-16 09:44:20,032 [INFO] [central] Registered agent implementation: reputation-agent
2026-08-16 09:44:20,032 [INFO] [central] Registered agent implementation: lead-management-agent
2026-08-16 09:44:20,032 [INFO] [central] Registered agent implementation: monthly-report-agent
2026-08-16 09:44:20,033 [INFO] [central] Registered agent implementation: external-link-building-agent
2026-08-16 09:44:20,033 [INFO] [central] Registered agent implementation: competitor-ad-spy-agent
2026-08-16 09:44:20,237 [INFO] [central] Registered agent implementation: competitor-ad-spy-agent
2026-08-16 09:44:20,260 [INFO] [central] Registered agent implementation: competitor-ad-spy-agent
2026-08-16 09:44:20,325 [INFO] [central] Created task task-c39d014f for agent competitor-ad-spy-agent (Status: QUEUED)
2026-08-16 09:44:20,448 [INFO] [central] Registered agent implementation: competitor-ad-spy-agent
2026-08-16 09:44:20,599 [INFO] [central] Registered agent implementation: competitor-ad-spy-agent
2026-08-16 09:44:20,634 [INFO] [central] Registered agent implementation: competitor-analysis-agent
2026-08-16 09:44:20,646 [INFO] [central] Registered agent implementation: competitor-analysis-agent
2026-08-16 09:44:20,700 [INFO] [central] Created task task-0112b66c for agent competitor-analysis-agent (Status: QUEUED)
2026-08-16 09:44:20,764 [INFO] [central] Registered agent implementation: competitor-analysis-agent
2026-08-16 09:44:20,815 [INFO] [central] Created task task-31133bc4 for agent competitor-analysis-agent (Status: QUEUED)
2026-08-16 09:44:20,857 [INFO] [central] Registered agent implementation: competitor-analysis-agent
2026-08-16 09:44:20,958 [INFO] [central] Created task task-e9cfa63f for agent blog-agent (Status: AWAITING_APPROVAL)
2026-08-16 09:44:20,977 [INFO] [central] Task task-e9cfa63f approved by test_admin
2026-08-16 09:44:25,698 [INFO] [central] Created task task-485edbe8 for agent blog-agent (Status: QUEUED)
2026-08-16 09:44:25,826 [INFO] [central] Created task task-4e68687a for agent external-link-building-agent (Status: QUEUED)
2026-08-16 09:44:25,913 [INFO] [central] Created task task-376d21fd for agent external-link-building-agent (Status: QUEUED)
2026-08-16 09:44:32,600 [INFO] [central] Registered agent implementation: ga4-reporting-agent
2026-08-16 09:44:32,615 [INFO] [central] Registered agent implementation: ga4-reporting-agent
2026-08-16 09:44:32,675 [INFO] [central] Created task task-b8228bdc for agent ga4-reporting-agent (Status: QUEUED)
2026-08-16 09:44:33,403 [INFO] [central] Registered agent implementation: ga4-reporting-agent
2026-08-16 09:44:33,461 [INFO] [central] Created task task-479f2081 for agent ga4-reporting-agent (Status: QUEUED)
2026-08-16 09:44:33,617 [INFO] [central] Registered agent implementation: ga4-reporting-agent
2026-08-16 09:44:33,731 [INFO] [central] Registered agent implementation: google-ads-monitoring-agent
2026-08-16 09:44:33,748 [INFO] [central] Registered agent implementation: google-ads-monitoring-agent
2026-08-16 09:44:33,812 [INFO] [central] Created task task-bd9ec29c for agent google-ads-monitoring-agent (Status: QUEUED)
2026-08-16 09:44:33,866 [INFO] [central] Registered agent implementation: google-ads-monitoring-agent
2026-08-16 09:44:33,918 [INFO] [central] Created task task-736ab1e9 for agent google-ads-monitoring-agent (Status: QUEUED)
2026-08-16 09:44:33,986 [INFO] [central] Registered agent implementation: google-ads-monitoring-agent
2026-08-16 09:44:34,003 [INFO] [central] Registered agent implementation: google-ads-monitoring-agent
2026-08-16 09:44:34,022 [INFO] [central] Registered agent implementation: google-ads-optimization-agent
2026-08-16 09:44:34,060 [INFO] [central] Registered agent implementation: google-ads-optimization-agent
2026-08-16 09:44:34,114 [INFO] [central] Created task task-618889a2 for agent google-ads-optimization-agent (Status: QUEUED)
2026-08-16 09:44:34,298 [INFO] [central] Registered agent implementation: google-ads-optimization-agent
2026-08-16 09:44:34,376 [INFO] [central] Created task task-99a04264 for agent google-ads-optimization-agent (Status: QUEUED)
2026-08-16 09:44:34,432 [INFO] [central] Registered agent implementation: google-ads-optimization-agent
2026-08-16 09:44:34,449 [INFO] [central] Registered agent implementation: gsc-agent
2026-08-16 09:44:34,464 [INFO] [central] Registered agent implementation: gsc-agent
2026-08-16 09:44:34,630 [INFO] [central] Created task task-d159dbcf for agent gsc-agent (Status: QUEUED)
2026-08-16 09:44:36,110 [INFO] [central] Registered agent implementation: gsc-agent
2026-08-16 09:44:36,159 [INFO] [central] Created task task-602e6545 for agent gsc-agent (Status: QUEUED)
2026-08-16 09:44:37,232 [INFO] [central] Registered agent implementation: gsc-agent
2026-08-16 09:44:38,312 [INFO] [central] Registered agent implementation: internal-linking-agent
2026-08-16 09:44:38,322 [INFO] [central] Registered agent implementation: internal-linking-agent
2026-08-16 09:44:38,398 [INFO] [central] Created task task-63590916 for agent internal-linking-agent (Status: QUEUED)
2026-08-16 09:44:38,473 [INFO] [central] Registered agent implementation: internal-linking-agent
2026-08-16 09:44:38,553 [INFO] [central] Created task task-fadc2108 for agent internal-linking-agent (Status: QUEUED)
2026-08-16 09:44:38,616 [INFO] [central] Registered agent implementation: internal-linking-agent
2026-08-16 09:44:38,636 [INFO] [central] Registered agent implementation: lead-management-agent
2026-08-16 09:44:38,649 [INFO] [central] Registered agent implementation: lead-management-agent
2026-08-16 09:44:38,705 [INFO] [central] Created task task-6e4328f5 for agent lead-management-agent (Status: QUEUED)
2026-08-16 09:44:38,779 [INFO] [central] Registered agent implementation: lead-management-agent
2026-08-16 09:44:38,834 [INFO] [central] Created task task-4c8e7e91 for agent lead-management-agent (Status: QUEUED)
2026-08-16 09:44:38,884 [INFO] [central] Registered agent implementation: lead-management-agent
2026-08-16 09:44:38,899 [INFO] [central] Registered agent implementation: lead-management-agent
2026-08-16 09:44:38,916 [INFO] [central] Registered agent implementation: meta-ads-monitoring-agent
2026-08-16 09:44:38,930 [INFO] [central] Registered agent implementation: meta-ads-monitoring-agent
2026-08-16 09:44:38,978 [INFO] [central] Created task task-9f5294fb for agent meta-ads-monitoring-agent (Status: QUEUED)
2026-08-16 09:44:39,061 [INFO] [central] Registered agent implementation: meta-ads-monitoring-agent
2026-08-16 09:44:39,119 [INFO] [central] Created task task-40ef17b0 for agent meta-ads-monitoring-agent (Status: QUEUED)
2026-08-16 09:44:39,201 [INFO] [central] Registered agent implementation: meta-ads-monitoring-agent
2026-08-16 09:44:39,218 [INFO] [central] Registered agent implementation: meta-ads-monitoring-agent
2026-08-16 09:44:39,233 [INFO] [central] Registered agent implementation: monthly-report-agent
2026-08-16 09:44:39,248 [INFO] [central] Registered agent implementation: monthly-report-agent
2026-08-16 09:44:39,305 [INFO] [central] Created task task-37f571db for agent monthly-report-agent (Status: QUEUED)
2026-08-16 09:44:39,378 [INFO] [central] Registered agent implementation: monthly-report-agent
2026-08-16 09:44:39,421 [INFO] [central] Created task task-c72e8ac7 for agent monthly-report-agent (Status: QUEUED)
2026-08-16 09:44:39,481 [INFO] [central] Registered agent implementation: monthly-report-agent
2026-08-16 09:44:39,497 [INFO] [central] Registered agent implementation: reputation-agent
2026-08-16 09:44:39,513 [INFO] [central] Registered agent implementation: reputation-agent
2026-08-16 09:44:39,569 [INFO] [central] Created task task-6565a5a7 for agent reputation-agent (Status: QUEUED)
2026-08-16 09:44:39,636 [INFO] [central] Registered agent implementation: reputation-agent
2026-08-16 09:44:39,699 [INFO] [central] Created task task-fd51bf3a for agent reputation-agent (Status: QUEUED)
2026-08-16 09:44:39,754 [INFO] [central] Registered agent implementation: reputation-agent
2026-08-16 09:44:39,769 [INFO] [central] Registered agent implementation: reputation-agent
2026-08-16 09:44:39,784 [INFO] [central] Registered agent implementation: seo-audit-agent
2026-08-16 09:44:39,800 [INFO] [central] Registered agent implementation: seo-audit-agent
2026-08-16 09:44:39,869 [INFO] [central] Created task task-bad8ac23 for agent seo-audit-agent (Status: QUEUED)
2026-08-16 09:44:39,937 [INFO] [central] Registered agent implementation: seo-audit-agent
2026-08-16 09:44:39,984 [INFO] [central] Created task task-ca3ebd4a for agent seo-audit-agent (Status: QUEUED)
2026-08-16 09:44:40,052 [INFO] [central] Registered agent implementation: seo-audit-agent
2026-08-16 09:44:40,069 [INFO] [central] Registered agent implementation: seo-content-brief-agent
2026-08-16 09:44:40,083 [INFO] [central] Registered agent implementation: seo-content-brief-agent
2026-08-16 09:44:40,133 [INFO] [central] Created task task-8d788ac5 for agent seo-content-brief-agent (Status: QUEUED)
2026-08-16 09:44:40,229 [INFO] [central] Registered agent implementation: seo-content-brief-agent
2026-08-16 09:44:40,283 [INFO] [central] Created task task-8a173bae for agent seo-content-brief-agent (Status: QUEUED)
2026-08-16 09:44:40,344 [INFO] [central] Registered agent implementation: seo-content-brief-agent
2026-08-16 09:44:40,362 [INFO] [central] Registered agent implementation: seo-keyword-agent
2026-08-16 09:44:40,375 [INFO] [central] Registered agent implementation: seo-keyword-agent
2026-08-16 09:44:40,438 [INFO] [central] Created task task-43f527a8 for agent seo-keyword-agent (Status: QUEUED)
2026-08-16 09:44:40,516 [INFO] [central] Registered agent implementation: seo-keyword-agent
2026-08-16 09:44:40,567 [INFO] [central] Created task task-7c41f922 for agent seo-keyword-agent (Status: QUEUED)
2026-08-16 09:44:40,630 [INFO] [central] Registered agent implementation: seo-keyword-agent
2026-08-16 09:44:40,645 [INFO] [central] Registered agent implementation: social-analytics-agent
2026-08-16 09:44:40,660 [INFO] [central] Registered agent implementation: social-analytics-agent
2026-08-16 09:44:40,730 [INFO] [central] Created task task-4461fea5 for agent social-analytics-agent (Status: QUEUED)
2026-08-16 09:44:40,810 [INFO] [central] Registered agent implementation: social-analytics-agent
2026-08-16 09:44:40,857 [INFO] [central] Created task task-e221d920 for agent social-analytics-agent (Status: QUEUED)
2026-08-16 09:44:40,925 [INFO] [central] Registered agent implementation: social-analytics-agent
2026-08-16 09:44:40,935 [INFO] [central] Registered agent implementation: blog-agent
2026-08-16 09:44:40,991 [INFO] [central] Created task task-3c89e998 for agent blog-agent (Status: QUEUED)
2026-08-16 09:44:45,581 [INFO] [central] Registered agent implementation: blog-agent
2026-08-16 09:44:45,644 [INFO] [central] Created task task-28597de6 for agent blog-agent (Status: AWAITING_APPROVAL)
2026-08-16 09:44:45,644 [INFO] [central] Task task-28597de6 approved by admin
2026-08-16 09:44:50,759 [INFO] [central] Registered agent implementation: blog-agent
2026-08-16 09:44:50,830 [INFO] [central] Created task task-7520eda4 for agent blog-agent (Status: AWAITING_APPROVAL)
2026-08-16 09:44:50,831 [INFO] [central] Task task-7520eda4 rejected by manager
2026-08-16 09:44:51,016 [INFO] [central] Created task task-4aee4e2e for agent seo-keyword-agent (Status: QUEUED)
2026-08-16 10:08:42,378 [INFO] [central] Registered agent implementation: blog-agent
2026-08-16 10:08:42,378 [INFO] [central] Registered agent implementation: corporate-cars-social-agent
2026-08-16 10:08:42,379 [INFO] [central] Registered agent implementation: seo-keyword-agent
2026-08-16 10:08:42,379 [INFO] [central] Registered agent implementation: competitor-analysis-agent
2026-08-16 10:08:42,379 [INFO] [central] Registered agent implementation: seo-content-brief-agent
2026-08-16 10:08:42,380 [INFO] [central] Registered agent implementation: internal-linking-agent
2026-08-16 10:08:42,380 [INFO] [central] Registered agent implementation: seo-audit-agent
2026-08-16 10:08:42,380 [INFO] [central] Registered agent implementation: gsc-agent
2026-08-16 10:08:42,381 [INFO] [central] Registered agent implementation: ga4-reporting-agent
2026-08-16 10:08:42,381 [INFO] [central] Registered agent implementation: google-ads-monitoring-agent
2026-08-16 10:08:42,382 [INFO] [central] Registered agent implementation: google-ads-optimization-agent
2026-08-16 10:08:42,382 [INFO] [central] Registered agent implementation: meta-ads-monitoring-agent
2026-08-16 10:08:42,382 [INFO] [central] Registered agent implementation: social-analytics-agent
2026-08-16 10:08:42,382 [INFO] [central] Registered agent implementation: reputation-agent
2026-08-16 10:08:42,383 [INFO] [central] Registered agent implementation: lead-management-agent
2026-08-16 10:08:42,383 [INFO] [central] Registered agent implementation: monthly-report-agent
2026-08-16 10:08:42,383 [INFO] [central] Registered agent implementation: external-link-building-agent
2026-08-16 10:08:42,383 [INFO] [central] Registered agent implementation: competitor-ad-spy-agent
